x1,x2,x3,time,status,pred_alpha,pred_beta
-1.6720398073640703,0.8260739153713043,1.4513368589690752,38.55136852049381,1.0,65.04249947194585,1.3740798239537773
0.6221520709550883,-0.9356968771984606,0.3638198644577169,56.387445158633206,1.0,50.429069754969724,1.2076119124017033
0.212487724188156,1.885327081218041,-0.5198976531031284,13.000659737065686,1.0,66.78452049192248,0.9701701088868696
0.8053003142822938,0.028152654671997436,0.6971960346962793,5.5600126653293565,0.0,56.22043881878213,1.2425171484060693
0.3837452250575573,0.4834846073613288,1.0408447721687863,35.38713569329853,1.0,59.82905177184824,1.2962248592998482
0.01666894761168019,0.5793335441484739,-1.5135378567506903,8.480166849658442,1.0,58.321529422529665,0.8221481128737247
-1.1660147905597291,0.4141094512978357,1.192886563272737,84.930236205081,1.0,61.66224942568655,1.3345470100408452
-0.9547539431270626,-0.3038087619985715,1.2463568366519078,75.22010752042249,1.0,57.18315246845737,1.3626276544826492
0.7309641851478691,0.09798760868323377,0.25199459671772784,81.41687722380611,0.0,56.28603313863795,1.1585178375146572
0.3462451925765956,0.1870435084166562,-0.34886118320168963,70.51164932748776,1.0,56.727485099342395,1.0468084837640559
0.09822834332775164,0.7920712760436778,-2.2708690456731873,35.067239447293275,1.0,58.70833807597118,0.6756210454841866
-0.4159573344597208,-0.02492024861341666,0.6138730254669751,35.046548666367826,1.0,57.470134395425035,1.2350214258815033
0.1142841593864228,-0.5407571813216944,0.2103540494160838,7.113547611627741,0.0,53.29665850754864,1.1712626279022356
0.10317021131967337,-2.3206610892203585,0.9307332860463016,7.4315337802853705,0.0,43.50479257092521,1.3526905507994695
0.937552781720815,0.2729157489199868,-1.1553385013668986,7.811401077072986,0.0,55.62651042548701,0.8918601194526071
-2.1824529023533703,0.8781233613837321,-0.6685526558997795,3.08230518276099,1.0,63.90631464338801,0.9824801477593469
-0.6359367174103632,0.489496519800244,-0.8118843056029695,2.2305202227007124,0.0,59.37628051609767,0.958101076390405
0.2866537980204522,-0.4048878377927657,-0.6000043709167387,0.7386546617858467,0.0,53.05278328464333,1.0164881586257273
-0.4478599809478284,-0.938606202653408,2.3283622077917525,64.71002222651212,1.0,53.83181849629008,1.5775365172811995
-1.1803221521439429,-0.7733996874986985,0.2930319196373717,31.814320259025344,0.0,53.74980845697188,1.1997541533432834
0.03390506841343746,1.0952723772455748,0.2482275406966592,10.137499780263985,1.0,63.123505309494874,1.134734548727572
0.2641702143896517,1.2954116242210556,-0.6900722636935961,4.50723266753691,1.0,63.05309045558517,0.9542090781196337
0.4769136178664219,1.5071785128342114,0.2524737952255767,7.712549871501883,1.0,64.96735946387254,1.1220836140386552
0.09223807623980716,0.15132356169694364,-1.819249730191001,50.074801267113145,1.0,55.379502865505465,0.7765852909703481
0.2478481150638525,-0.6202481244192939,0.6469023911309861,4.2880186802615174,1.0,53.08532256303564,1.2536013372385169
0.6549496960010925,-1.6477177477226257,0.5295116507270015,11.025030744107212,1.0,46.338526893624326,1.2572875713433789
-1.256944864107869,-0.07669517350149498,0.5580542096920827,1.3467395926284464,0.0,58.242172631328245,1.2305580588290017
-0.20134080290435694,2.28813256619538,-0.14798275096396324,8.49733174281568,1.0,70.10035075941198,1.0304876918734085
1.237771504670812,1.8744380761051718,-0.3534474565376599,28.325985139048356,1.0,65.50437751606245,0.9958395078762415
-0.4490060890222712,0.5841709014048291,-1.2854952608552257,9.239923400773183,1.0,59.20780152023166,0.8667730856855453
-2.2339419466066017,-0.5894286324215338,0.6073891587778889,24.9114274323192,1.0,56.57601819504003,1.2587022812588546
-0.8658982480206094,-0.0728248743827294,0.5426957719879514,113.70348010346243,1.0,57.722074991627466,1.2255190357637324
-2.304963879590171,0.8087232417650093,-1.6299927934436083,4.897773658170582,0.0,62.69368506553612,0.806794806186362
-0.8563589364763687,-0.29208845793310384,0.4274452395259898,1.8846267416425109,0.0,56.29588483302541,1.2100000594640865
-0.8140094877354901,-0.38388420058556977,0.8969873547636464,24.863675163423746,1.0,56.16798984624683,1.299272101130375
0.5686273473286579,-0.2682369269479788,1.4440290303947187,2.3426298822575955,0.0,55.53736238256662,1.3901752911809164
-2.0055440938533127,0.1835267867874775,2.178202014124535,15.985167225508285,1.0,62.42176834565207,1.5278588614738156
-0.4501738868206528,1.5782499439402164,1.1354239728012308,61.6151425494856,1.0,67.52688680152369,1.2887808048411593
0.011488253981080152,-0.2960711784613063,-0.588002929389078,50.895201973955096,1.0,54.079935976212475,1.017257047679638
-1.0276059099496748,-0.6266362403729925,0.7520018223151825,22.563365420714053,0.0,54.8739285519867,1.280064646127221
0.0525407312606748,0.8566322278606279,0.4177785028044921,12.061111550423256,0.0,61.856921090258794,1.1724764423651906
0.29175734516024593,1.6985009844797636,-0.2292683903255313,24.906946775492955,1.0,65.86453063828831,1.0286375528599605
-0.3095510728069545,-1.6122308316206984,0.4391930089835964,34.52959038983495,0.0,47.75880739657573,1.2447435295860056
0.3405759093609601,0.6248954725930305,0.0784439969559953,44.081861297558156,1.0,59.755777182857926,1.1142710611588948
0.3438222883087434,-0.38597695243254826,1.653591975953272,8.174580675127931,1.0,55.3548096608674,1.4333836643934108
-0.2497226770683249,-0.7555637241639117,-0.6635872045879675,52.53531071499145,1.0,51.637488521180444,1.016993630426715
1.5003997650685867,2.00731977428188,-0.7010803573721747,203.7690924623905,1.0,65.58659009801322,0.92643056038703
0.5529266156122065,0.8916499220187751,-0.7983946784189102,2.3078229791089826,0.0,60.16552259447493,0.9434425666887131
-0.7387673439642969,-0.8714517488490092,0.5759140985377977,18.5160530771691,1.0,52.85855070414699,1.252464694500983
-0.26311471103670275,-0.4895884185114993,-0.053099207464363515,179.6379270455378,1.0,53.84350634910999,1.1230709209410685
0.8168966705757756,-1.0921528603430255,-0.4686906921445897,46.72208181315335,1.0,48.40304816416709,1.0564698527117156
1.2919781103479588,-1.2397076993752476,0.6803708696714439,6.406456474024746,0.0,48.045084676947276,1.270880301991178
1.1515242113849955,-1.9038294178223856,-1.4013838054588057,79.60472915400359,1.0,42.210617656024674,0.9036243709953009
-1.0823291497758043,-2.2963801613800965,1.5446360901538743,36.06468514100235,1.0,45.865398548312264,1.4721569301289352
1.2736198660685445,0.6849065044843593,-0.258893646478207,12.656052064146536,1.0,58.512742285123956,1.0451490077726453
-1.0007392364320309,-0.8800697928849239,-0.12381526256345225,84.2005915507727,1.0,52.457004273689954,1.124398929340127
-1.434827097588418,0.444410215273925,-0.6459204129121832,4.523291388091577,1.0,60.35423023198893,0.9943410306369783
-0.8489010446056271,-0.3551217668530514,-0.4951065935877527,18.504865936922968,1.0,54.98471519155167,1.040657549682168
-0.9442232550388744,0.8061625077335243,-1.7861552832960976,21.741665632089386,1.0,60.68569962473189,0.7706519469504289
0.4528040260400207,0.26426576887986714,0.3779203156925012,48.24549594037675,1.0,57.77183743621934,1.1788742458134824
0.20013649736377645,-1.4755751005109288,0.5159090635067262,8.789352302960449,1.0,47.956973146607275,1.252567817745395
-0.17304675550242213,0.6041360866776226,1.0784164076578628,21.871286478720155,1.0,61.33188747313837,1.3029190566774647
-0.08906639879954982,-0.09102961240044452,1.3960502933488448,0.17983682883827148,0.0,57.424890142474624,1.3800311230365092
-0.23439310069133346,-0.2922199638451581,0.4100226630931073,10.219701599208108,1.0,55.43850750376767,1.2034528595067964
-0.5304077838212518,-0.30579796082326866,-1.6441773151447219,83.10773188164312,1.0,53.69085902580494,0.8246480528876472
-1.1362930015629489,-0.1688820696159656,1.0463866464836868,52.871449316797765,1.0,58.0252325367633,1.3229052926020406
1.1550215709300526,0.15964768577068042,0.1679515030749592,16.776304998426856,1.0,55.99424024262515,1.1390182587174573
-0.14672503577798052,-0.09993052132867733,0.6573636136828087,106.62557416064709,1.0,56.706845139059006,1.2436610617236599
1.3379862725470757,0.3508318331619185,-0.8453770318885847,0.02765180967387603,1.0,55.85916629272857,0.9450793559875904
0.5666889317186962,1.1533377645988048,-1.5220293184204852,72.25281501790184,1.0,60.96732998189177,0.802207477656796
-0.6220094710702788,-1.7215809274439668,-0.3705249285435453,6.212745368715859,1.0,46.718688567297036,1.0992684690840384
-0.2560628652099245,1.1084662158326863,1.1460035627518304,41.39563036431078,1.0,64.49597507027254,1.3023331750465235
-2.0887574013584804,0.04954310316850885,-0.03912457228209085,30.271507620326553,1.0,59.51048750994761,1.1209183333317498
-0.7464797809202336,1.2985066262223526,-0.2453919951490713,7.539709118600207,1.0,64.88220934677693,1.0419454388540617
2.2918449625962056,0.7416846915094382,1.360177978154415,66.79531293333596,1.0,59.103931222012825,1.3382838103782415
-0.2964103599121526,0.11898444073800403,0.5075334151271301,54.443856964252575,1.0,58.05335091366822,1.2108045095077167
-0.307626899673817,-0.6256983507261868,0.1926249098766189,54.96951954766551,1.0,53.345413704701876,1.1725128403984064
-0.1118167443644483,0.13125587854912066,0.15927197317305875,75.73432601762717,1.0,57.52655974681011,1.1449378424524603
-0.10814714860849144,1.3247789472098301,0.7194278138533973,249.59375075603526,1.0,65.1471781313634,1.2166619156417882
-2.212726897663918,0.08421883997284653,-0.8396185734076465,31.372967864551228,1.0,59.07755898227998,0.9722748986836571
-0.10882317869447984,-0.4944257749316182,1.170952419450931,2.7024082234804094,0.0,54.83820561193521,1.3492577145936346
-0.2797612340707814,-0.7785867731208848,1.4694979501555057,29.908481385255246,1.0,53.6878000260919,1.413145023982049
1.3258021849934911,-0.6032855151209958,-0.4974768032650603,21.656003271087275,0.0,50.58014632460247,1.0352756380831205
1.3140727060692732,-0.7043616186540366,0.019445243623899818,2.9703851807135617,1.0,50.51796287261509,1.1338679089713566
0.5337018685079674,1.341419859911733,-0.3415939071661068,61.21459829709429,1.0,63.312294287189374,1.0161242460062545
0.9208904362334293,1.4587164203838614,-1.275782680941938,29.823927286996994,1.0,62.54413966725987,0.8377496128123049
-0.22279842670659106,-1.5634674357396354,-0.0692933074753525,25.280762973540725,1.0,47.41873498985177,1.1487203921529854
1.006092171938488,-0.7026870233025388,-1.2748890149862189,135.19935337544106,1.0,49.64117722096421,0.895559818496367
0.09329940731908756,0.5239886493654576,-0.22026089283109046,26.258079630813373,1.0,59.19179262488004,1.062938370129018
-1.6144301172693591,-0.20933777042361645,-0.2103459521030639,5.244336293541767,1.0,57.16654547034702,1.0936079065230568
1.0108625739571435,-1.0441588905236523,1.2939854775670847,38.66870493130035,1.0,50.198713757767926,1.3808599114668487
-1.0529749005458555,1.1618313956208368,-1.596034664531946,59.340849962722615,1.0,63.12816088972871,0.7969114353152071
-2.190689445110755,0.7947969136499551,-1.0966762873012748,21.75307375664734,0.0,62.99366921567977,0.905410313256607
1.1083270990656608,0.5423800298900386,0.3355392614390189,25.84771985652843,1.0,58.49044619744189,1.160042354651338
0.6119023952213126,-0.26331080188896383,-0.2761051474895083,19.399298763510803,1.0,53.77756928837439,1.0709810545795702
0.8217833963312322,-0.5786467463119904,0.5873408581951748,28.964754794930638,1.0,52.497278555618564,1.238378280174066
-0.3556985877979979,-2.1281002686076125,-0.3066180801972382,10.224302079393818,1.0,44.01835745733287,1.1206190275086716
1.1708086192110112,1.063024366112981,-0.05398529935190635,12.283543778174597,0.0,61.09489642148479,1.0735142726635711
-2.5121879100834006,1.400869994609463,-1.6554824608791046,42.10806312535021,1.0,66.4513026872813,0.7872596692509912
-0.6001679834367873,0.4844293715326142,0.3039572969070938,33.97960817140887,0.0,60.420648933567044,1.164870011893772
-0.35181077571153,-1.3212453195638956,0.0958874476351322,46.02985532680382,1.0,49.19217916415928,1.1735149205270161
-0.684263072358746,0.5358656219998466,-0.19573610596210836,10.713083906735669,1.0,60.335722227606006,1.0713171739847551
-0.21765920352748133,-0.6775968054181984,1.1983097393641968,4.997658738123839,1.0,53.92874131346086,1.359833385933384
-0.7281184156417414,-0.4702981129187728,-0.07161575820289129,31.011002275244252,1.0,54.566336619159,1.121603516478276
1.2603592349948918,-0.030535722462828607,0.3343679421904191,36.43133933890672,1.0,54.894252227986485,1.1744136152109264
-1.05252967415496,-1.5705237989780558,-0.8133526455345317,20.81678241538074,1.0,47.74777337328891,1.0154279356860558
-0.968533239837296,-0.4521006889145892,-0.16548529441131285,56.483683012099334,1.0,54.9039061309396,1.1049992952471301
-1.6035143263846252,-1.0401708186499512,0.24109078947347554,6.1081199001137225,1.0,52.68999357042871,1.1995576143784885
-1.2398941063058588,1.1120293012995222,-0.6070315982546757,131.87856963992334,1.0,64.08064753823693,0.9825622586637024
-0.7477078427717416,1.1587768490485786,1.3115700255686442,71.5190305671526,1.0,65.62349061045998,1.3342943979330206
0.4969943387931266,-1.9862470735875288,0.6878607431627191,4.577215535877885,1.0,44.70786590725245,1.2965812733098896
-1.9070310677619864,0.08409990945296024,0.05712724459153608,7.1905695018224876,1.0,59.56663339799473,1.1368594649315626
-1.5943430914146492,-1.3032441758941895,-0.4160089854938042,7.290550126444162,1.0,50.459946259884575,1.084785260586737
-0.0987307116584992,-1.9423915135619176,-0.030407770534839514,2.2781503240654297,1.0,45.048405726457425,1.1654510274312897
-0.3991509807682463,0.7081307591258104,-0.3963859317692837,61.29725990193109,0.0,60.768506544016994,1.0279731548830036
-0.008129809554482404,0.12640943077905115,0.7983157606560964,84.14999031550386,1.0,58.00092040862658,1.2629626057625396
0.9417365387712894,-1.269173887387,0.8486544594817276,68.59907801940288,1.0,48.51253615229746,1.3047344671831345
-0.8319685552834887,-0.6643730125691182,0.5274063245602434,15.911577288976964,1.0,54.16075802855716,1.2384050076230368
-0.09374185968335676,-1.6408524536193874,-2.1287072484017937,36.12302254584334,1.0,44.7148500512587,0.7683943640045515
0.5843352981468258,0.7518870082823691,-0.18476067704057045,4.869846528363816,0.0,59.913533204180204,1.060770168527324
-0.02565657249139659,0.5941304916871296,-1.0213940311314706,20.514032919647587,1.0,58.961308758030285,0.9131963509422119
-0.6851601734726217,-0.6159037528865523,-0.4949114591687418,21.36061998717384,1.0,53.22098044799847,1.0468292537899442
0.2053699167416096,-1.1757161297099332,0.15229402827320998,61.39812438662366,1.0,49.35834495783109,1.1770826566791242
0.2592433489188593,-0.7719678362837249,-0.13059731366460325,23.14666251139576,1.0,51.39001936237608,1.1135074710100101
0.8346115342298349,0.07280736676666312,0.3656869955396612,165.90541946022702,1.0,56.111597570551396,1.1797143377450687
0.8340450016550941,0.043017757587258336,0.031081239176077007,2.841483090708909,1.0,55.599464376158046,1.1184981956706563
1.212886465611779,-0.2589407113454356,0.7630033408348744,34.954672944868605,1.0,54.03806814627892,1.2602552956404574
-1.4668550517130063,-0.5216761148410735,-1.266712780021937,30.461251102267646,1.0,54.05659712775598,0.9054156725737024
0.08363949497419619,-0.1897966689881142,0.38773440025304257,16.780581382989592,1.0,55.59307182514222,1.1948701356324263
-0.08400992401646368,0.002666199491796819,-0.3205909956784521,44.71987316530113,1.0,56.24541628557702,1.0593022244127714
2.641000388616977,1.2641825697822866,-0.9219262619226783,44.53229107905201,1.0,59.428556956283245,0.8993811260206087
1.3515350856699897,1.3234468561847623,-0.7038160327030277,71.29360058421686,0.0,61.738222872104664,0.9451012945269548
-0.23433381010918505,-0.6066920360952605,-0.2899254330140101,50.657036280372076,1.0,52.87352105681357,1.082168755025127
0.6863633672103879,-0.921660057247904,-0.8971597135558229,97.63154958379049,1.0,49.15687743592221,0.9731663057412778
0.8727083117561301,-0.5217124537990419,-0.13596681295441676,140.74773897113175,1.0,52.0377634145039,1.1025092130981216
1.4173325672430803,-0.06406606687755995,-1.056252186807596,1.1197450329951268,1.0,53.08503918217607,0.9167221024216434
-0.23016109054140665,-0.6411959503105786,-2.030133262611008,0.5453208655756152,1.0,50.912978520397715,0.7605225346210458
0.2958932757852886,-0.062217832136006124,0.8450049965406651,15.325174608092887,1.0,56.521648023466454,1.2750634073540048
1.3389472166913896,0.22130592301084334,-1.3333276616655887,10.475460058923668,1.0,54.60056329297566,0.8581132005407788
-0.7962978023425634,1.6706719687872815,-0.5685114502695798,16.74260396643253,1.0,66.82642332433358,0.9723165801042656
1.2930946621000885,0.7445224282810656,-0.1361282938884424,28.12361454459669,1.0,58.96272351893038,1.066197337053456
-0.14700599404337825,0.6726451647113216,0.8637366433868585,26.146562760562283,1.0,61.48614078335885,1.2611470619406446
-0.036539436194894866,0.7083497320326885,0.08462325380900076,16.92057181256843,1.0,60.764541010787205,1.115186980893825
0.4401117619919396,0.4250708652174306,0.14946465700251738,56.919490846385536,1.0,58.510595694136164,1.1322747391992989
-0.06493445439676639,1.1540320563991906,-0.07009458432761861,5.741372630704921,1.0,63.28427271951601,1.0746811643538763
0.7472749040621381,0.08039126852460615,-0.2793580707576735,9.327222324586243,1.0,55.625339048474544,1.0604163260138721
-0.5708117698072249,-0.38277799507589977,-1.7367437927236569,174.88087640146784,1.0,53.196751900560514,0.8097756743517066
0.7048953917162708,-2.335135674068513,0.9703305364657904,43.398633031708734,1.0,42.64721928493786,1.3572057414028413
2.3224756787880763,-1.1661908402358503,0.5534285744281865,171.08443963004981,0.0,46.96216261119195,1.2398720328699844
0.6491705824493613,-0.2200407566256166,1.457336093107413,34.09689977771542,0.0,55.72726660391446,1.3909161320780712
-0.8784702421439707,0.19181685414768068,0.4232239899871141,83.62869999532771,1.0,59.18471173102404,1.1963281142623807
0.7421119346694126,-0.3610913859831858,0.1511722932479641,49.251371233216105,1.0,53.45321265411444,1.152110929190551
-1.7856832450296614,0.8290660355404796,1.2814154314907114,2.830037189084193,1.0,65.04256452054567,1.3431109557322993
-0.8409713317855293,-1.7150522820198182,-1.838206698023952,55.99499878177299,1.0,45.576134126730324,0.8282241725891606
-0.01855210563481864,-1.098776167162412,0.4146630393417529,49.70437832901053,1.0,50.37963910747231,1.224840945754236
0.08521398477273669,-2.0393791503552334,1.7436057395312192,39.43429086058835,1.0,46.01114750185634,1.495893177687465
1.8590775803110533,-0.1752685756675341,0.32984238281017403,46.42314994307971,1.0,53.22561327490268,1.1742680057579415
0.8073290948635782,0.09391483961373936,-0.2227389001693181,71.7148352819195,1.0,55.681302820821614,1.0702265947186427
1.845818797809308,0.4513528730330046,0.1314623413773328,158.50415385302247,0.0,56.751606404219594,1.12072474144701
0.3366776522319461,-0.4452830473265461,0.4963123371190266,26.32046970479227,0.0,53.84924299269794,1.220511621188095
-0.01016042161649792,0.7633040165299967,2.1549163693344577,90.29363894168495,1.0,63.1369571269413,1.4973023803110357
-0.7883500544864049,0.23051118142549576,-1.4474581927487449,106.45097242387995,1.0,57.41006592419955,0.8480715999903965
-0.30521095401291165,-0.8730358856223661,-1.2134869490227058,1.9960910450194251,0.0,50.46403592594717,0.9185225073759008
-0.5439882439939352,0.14225509452048893,1.1286218209672694,35.7229558271601,1.0,59.149893226127745,1.3266212255287413
0.4163039860591288,-0.3793286827649761,-0.025571511873956718,14.754856177435048,1.0,53.60702381943744,1.1215811755685903
1.3775310125310238,0.286225264755676,0.030162420340365287,6.427026948609727,0.0,56.30439015761762,1.1088880331336404
-1.1649669064130792,0.687649030468231,0.6239444013313885,62.13894032851846,1.0,62.70696560537786,1.2217338355552032
-0.2775078213694737,0.3671082894572974,0.8307847091627383,71.91501152388781,1.0,59.8211974740983,1.263949229994903
-2.5749258128730785,0.2612424504222567,-1.3011149359740362,0.7342894196462308,1.0,60.149334686631526,0.8839112493028201
-0.8827914338722685,0.33958344029528764,-0.40404572909575615,57.3448479547262,1.0,59.23258516079824,1.0390428585159335
1.7266711925454687,-1.8655599663431557,0.033750071823663616,55.89747582699791,1.0,43.104978955628006,1.1655295491047022
0.2929358647198214,-0.26111953000795096,0.3460429173120723,149.04489755299815,1.0,54.84675978022039,1.1879420341944094
-1.0539653942598917,0.5574933656964282,0.282401493761789,4.846563708303585,1.0,61.443479834165586,1.1613339689183881
-1.4111134249848347,0.5729431888675365,-0.2027101101487812,62.390265255382026,1.0,61.52865896439822,1.0729093895073738
0.6900595042356349,0.5445027883825403,0.8635303789193495,54.5660372347946,1.0,59.598467045585416,1.2600832623037757
-2.034369592926119,1.3977556621716185,1.3584705321182102,22.108491126665726,1.0,68.82048903785913,1.343434677020291
0.8678872827412492,-0.7506606776769759,0.2113152923676463,108.20177126438216,1.0,51.03897877818132,1.1730587120295708
-1.9272578136339675,1.0632985153352588,0.16168297459955486,63.46260145763913,1.0,65.49298051127005,1.13002579229877
0.2695251140702233,1.8182628291466731,-1.5923376968349052,36.38978840888402,1.0,65.23181740551094,0.7728890728377757
1.4075471968607174,-0.3100716317763373,0.3972482818116468,33.767111677411826,1.0,53.10494749120747,1.192796672750439
0.9935306355108756,-0.23472043837321555,0.3869474373742189,11.036611940318931,0.0,54.09896794534168,1.1910728429199477
-0.1951587182282454,-1.4343322205971454,0.8030667019844218,66.88823044509401,1.0,49.0231814857085,1.3067954560187398
0.3067318992615881,0.3419186816786343,-0.1960729992981164,11.374686470034414,1.0,57.85089412224349,1.0711760060854663
-0.6684390324375226,-0.7792300977158548,-1.0122213283178632,21.48428089112485,1.0,51.71158323672236,0.9552457068071256
-0.01099218406197158,2.587202138540455,-1.5654198206082448,19.831944734092488,1.0,70.18711040025642,0.7587069237756918
-0.5438232034106526,1.8261513479944704,-0.9697299984295502,12.504302060128026,1.0,67.00213278176771,0.8924221989751032
-0.5978689531679732,-0.015004767085379737,-0.8385663969537976,21.946909095430726,0.0,56.31297132353794,0.9665134371166147
1.5078296555301187,-2.104323095969336,0.14206958794595226,36.423675043298346,1.0,42.09643617837314,1.193193538355009
-2.069225195734524,-1.0715324318350443,-1.6996685548753556,0.10775157105727186,0.0,51.18017933293165,0.8431635268373247
-0.02482353752398277,2.2144167917542905,0.5237165883388399,4.4547087849133575,1.0,70.10181574638571,1.156027546792068
-0.37535157083792703,-1.0030456721450114,0.8190365620252238,54.804413878977044,1.0,51.83424115938932,1.299124582619366
0.10332693066336912,-0.2932232578951838,0.4907865795918561,34.02909480834287,1.0,55.05821892325143,1.2166461091751484
0.583947443479907,0.05083680328362623,-0.9597905433921036,132.15886778941544,1.0,54.9862491356321,0.93596328245708
-0.5654929110494888,-1.098081452722077,0.5415737289631509,57.54761508756068,1.0,51.24928715313288,1.2512662248168938
-0.638916035140864,-0.95733387603508,-0.3879961502053608,7.6974993871730595,1.0,51.24593209417452,1.0755770976628287
-1.0323332483856698,-1.5672109366382485,2.2934583833249627,68.2564151458156,1.0,50.86577069465295,1.5910854142875674
0.7458215424120881,-0.16763359172840978,0.7638228450168942,25.019214590802704,1.0,55.209252366418575,1.2604470332252031
-1.5133102354326309,-0.5927825918610644,-0.5178109564358829,40.61514080329844,1.0,54.45197547287693,1.046385758961562
-0.6299248090563986,-0.5591788828201835,2.1007287571219204,6.3808866198264065,0.0,56.09347525046484,1.5261172221737862
1.3190161493838115,-0.14976638671896408,0.9565681164625384,10.496483113334447,1.0,54.73560967285096,1.2926315487286024
3.1856260524792965,0.8976500305385092,0.7559797553513732,83.86751370964807,1.0,58.21314333775448,1.2173289248052246
0.6824368805525101,0.09056709307302528,-0.2171194317640806,100.00341401252176,1.0,55.835635349591314,1.0720251140779904
-1.5132572934029302,2.0991874195409066,0.2648423722339929,32.37242566447756,1.0,71.16755666735956,1.1190905840250056
0.058857125062961424,0.5772109450322711,-0.9385058439694856,71.40637926572352,1.0,58.83057290440942,0.9285633476185016
1.0532299624167585,-0.1520136482407004,2.0954596837440955,3.7469169975062666,1.0,56.226669453405336,1.5052074102143387
0.5950683372670581,0.7542797098599879,1.519684663876881,13.946994510538973,1.0,61.62798720495881,1.3765712965689838
-1.0854002033829726,0.4906687145127716,0.6515537894293499,34.975034230928124,1.0,61.46187890040676,1.231721320427892
-0.015440632285541687,-0.6396941563407703,-0.1005276452184397,21.799048390967297,1.0,52.573494184304025,1.1169922388333815
1.0120127241910308,-0.7666198483662268,2.1333384154989696,14.901373707848322,0.0,52.683787430359864,1.5289693344553248
-1.2949375594374477,-1.0566009923685196,-1.6087795611921614,179.34343267365261,1.0,50.315405077885714,0.8554737911050508
0.16396076499989684,-0.2120536403835816,-1.069293537836527,73.79635330267847,1.0,53.8871609238455,0.9249760903020575
-0.1734446518451433,0.08819098238336626,-0.01881716420115105,64.93117448014617,1.0,57.175718233196285,1.1134153322228206
-1.0604626144013214,0.6766560302871529,1.0359692611550548,2.961063879023353,0.0,62.9154598515702,1.2978409895595184
0.8721513731753764,-1.3495921886670117,0.25500786215147103,40.25710080848962,1.0,47.53333503055925,1.1972340216946014
0.7306400391562706,-0.6589588522544668,-0.8972314172478446,100.3599055006538,1.0,50.651463531703506,0.9658550351974615
0.285048021473032,0.6245316242889288,-0.27891162179503776,7.970015400202949,0.0,59.46901335979816,1.0483407072033144
-0.5271249115268238,0.8734394923387953,0.15909060861048774,102.851904258017,1.0,62.4781184639142,1.1271718043541672
0.7311677103216454,-0.08211330474991008,-1.4906487449078742,7.088080423857463,1.0,53.46690466009913,0.8403551026696601
-0.6333604627502759,-0.08590274391050715,0.4403741048466697,112.46941438014477,1.0,57.228043930212415,1.2056632269093783
1.237885993469667,0.9875651194067728,-0.10202722184724347,78.07367142356905,1.0,60.509583025681806,1.06627976879072
-0.21834392507804998,-0.8322319038972757,-0.18394798633427886,84.71300299130397,0.0,51.624061050265645,1.107789142339728
-0.2032836798028326,0.6892173483510119,1.2911385058213365,35.62204049243772,1.0,62.0901120870883,1.340222020270111
-0.4235352886208065,0.3297877126598989,-0.3286573009138145,180.76203079760785,1.0,58.63090424575664,1.0508270671651965
-1.1767013709163379,-0.6249651050026425,-0.7816448721356599,13.109844362083695,0.0,53.542013551429044,0.996551074752684
0.2949691711508985,1.435920671870845,0.4919803279098514,46.56211608666046,1.0,65.03214298068272,1.1693637506725139
-0.8508081968274697,-2.2144090000204986,0.9856273129398812,17.483960217173394,1.0,45.475684641967206,1.3651036092698714
0.8210676675711307,1.8797196171451025,0.3093743023520175,11.426778490071635,1.0,66.76462697421067,1.12077831654744
-1.1711753492645025,0.36106848705631106,0.4028587058254477,43.40620368638771,1.0,60.560554293571755,1.189566902016354
0.7834959319059096,-1.2582219016418177,-1.3325057925126598,28.09526220169495,0.0,46.59643470796797,0.9010021708205715
0.4335951248056961,2.034753006190936,-1.7087218824730952,7.437344872439405,0.0,66.17434889069425,0.7446214774829056
-0.7746952278297702,-1.3533573646388295,1.0551965250781896,66.7479137057036,1.0,50.5377949699984,1.3544464809357288
0.2307930727165659,2.2956761552386844,-1.6917276106051895,38.7855565823192,1.0,68.00890847126558,0.7418406682815759
1.9929198839423656,-0.5676551729756996,-0.2465588149243325,7.220342905931813,1.0,50.14342439348775,1.0772635473464265
0.1616236975341958,-1.008593282707945,1.0379280056209927,21.02166772713238,1.0,51.297220952538794,1.3369781695951681
0.5318083076967627,-0.04613000020918338,1.0023629715232425,79.85693839651245,1.0,56.45688645051519,1.30253777864489
-2.115648754743869,0.13832341637865198,0.07113316872142339,87.5924277774029,1.0,60.18300044885193,1.1391120005378665
-1.3515012526241872,0.12133360535579728,-1.4913490815705646,94.00197794579746,1.0,57.479636998493284,0.8458784102964421
0.920489952480248,0.5206674975765545,-2.362922303400559,19.209057473382444,1.0,55.90056128765414,0.6614631905566443
-2.184323638737745,-0.8546479754416727,0.4302437016134462,9.19543778438678,0.0,54.761570883830096,1.2327322249813235
1.5594230441564698,-0.5578392864193757,-1.1047784961300982,42.19516191871249,1.0,49.922897642222644,0.9202417108595737
0.7174685308823912,-0.4168817753748375,0.3169932814573333,51.4270961507139,1.0,53.32317517153471,1.1844774937565277
-2.3526773010323434,1.7457579618655241,0.049977240119253086,35.252774049634574,0.0,69.99259472004975,1.0932478730474622
-0.2986705059783241,-0.7786828535236019,1.6569731410650763,29.147915939287724,0.0,53.90135280534292,1.4479975324874221
-0.0011773459810647663,-1.0479816242351294,0.7303320869825284,21.3568360962451,1.0,50.97433063246005,1.2818927445231052
-0.8189128495979927,0.08238190725590316,-0.9222132867016838,28.985332158363477,1.0,57.10325178325999,0.9495719168222467
1.3211270909041395,0.467136126654803,0.012885722693036408,118.53848311483969,1.0,57.43354195269408,1.1011239963174504
-0.9943992631301782,-1.1237737297128865,-0.6665644277346855,136.82223779512134,1.0,50.46042812461433,1.0303161774258567
-0.17243993589247644,-0.6960371362263683,-0.22353086884904647,80.88609383820804,1.0,52.32816869988946,1.0965462495645315
0.9487264299032424,-0.2531870954969801,-0.34943881668617016,4.3613740439900885,1.0,53.30929580720045,1.055317657304471
0.6147535403248995,-0.5486530464100614,-0.3344798595644802,26.58398006065935,1.0,52.02663821153903,1.067816081087411
-0.4301809279295787,0.6007762032945482,-0.4783812560059063,164.05223739194352,1.0,60.09266390966961,1.0158265857115225
0.3987032632272942,-0.38627370262869576,2.055649361704775,29.386782265204488,1.0,55.683510187087975,1.5076208028330607
-1.7596636771637053,0.4784237903805262,0.06494565625480374,217.4515747829788,1.0,61.70888653685411,1.1269220395922965
-0.30606949836551695,0.5793200065757642,0.4638485075649476,83.416864559793,1.0,60.74621516414189,1.190384955886187
0.6324972160646095,-0.8740984890850825,0.3427713379901734,72.70329277501861,1.0,50.75841206685035,1.2019994816489072
0.6356877447936402,-0.2604724388134596,-0.7844051390109473,8.554299632723316,0.0,53.25089499522188,0.9765631976020381
-0.3664148984005704,-1.4096497639142214,0.7867901423780639,25.76573838909407,0.0,49.3838865293503,1.3040296250965981
0.6377143611147953,0.5182212417757691,-0.6678533870950258,37.510343335072015,1.0,57.97291176449145,0.9772238452755353
-1.8411325805447785,-0.9411804397132221,-0.4366100548972928,113.28743413154942,1.0,52.91446838595372,1.0725522650516206
-0.8364078732262256,0.4508090861727998,-0.5732292959211605,119.774851293494,1.0,59.65791856057701,1.0044468095360592
-0.7858491690282061,-0.491921997126447,1.89050037850014,13.262516335067936,0.0,56.49028016128373,1.486175691224886
-0.4952753907416158,0.6736995322688473,0.4969812700778426,9.3955822726285,1.0,61.5932384592684,1.1949996180168172
-1.6879021426942458,-0.8805504481787249,0.14083088139847025,142.42298249440162,1.0,53.64743642312455,1.1771341917881364
-0.2199308199420234,1.0846679353356907,0.813075219585654,28.674740311338116,0.0,63.971471166095874,1.2410709177800223
-1.5926755491830158,-0.4305086965498965,-0.7127768777614429,5.302847497652689,1.0,55.32306340116055,1.0063102155137802
-0.8308937652733016,-0.06922515680946906,-0.19009875944765625,2.230651316145613,1.0,56.95891506996781,1.0894102350123627
-1.183273352064817,0.9312378460356006,-0.3194413870253693,58.954226374645785,1.0,63.2238616393217,1.040425143035718
1.304168968677252,-0.4814179488977872,-0.8062854161768558,152.55062962431654,1.0,51.019735041723706,0.9748769373004473
-0.02057118537773731,2.851866470518545,0.3029418017593417,3.3531098714470398,1.0,73.64572488343882,1.0979487853685497
-3.0093742442489555,-0.006925202937363031,-0.5094552012181066,1.3584026978720678,1.0,59.945156005960705,1.040175669991119
1.2088262832696872,1.034820470647323,-1.2846738949473406,81.95847507009934,1.0,59.638579279098025,0.8459584972546422
-1.2888491433397196,-0.5564509020541395,2.669048523881195,97.1305572133189,1.0,57.570311333117466,1.6349020215139294
0.4305612975434927,2.17889289744314,1.2687811175058012,12.425726036720194,0.0,70.02686019424442,1.2926499796797342
0.08252438536192944,0.1301878353754331,-0.12023277284277525,13.40213510691144,1.0,56.976862942879976,1.092121900945853
-0.8611143791194964,1.5494511423498498,-2.170561245083612,11.10865400631856,1.0,64.58484735349752,0.6789776694851415
-0.3740966726325312,0.2650879501998664,-2.647264141672129,1.6349090956804617,1.0,55.848723093466596,0.6225432444687462
-0.4418647068006725,0.6599728112094844,-1.029599373087722,8.686748142380258,0.0,59.90413044119539,0.9121282336975087
0.9554406479327974,0.601898132791814,0.12752212083365608,82.70271598664115,1.0,58.839587417235855,1.1207024807615216
-0.16703564653977082,0.1650250519995177,-1.5167604542499444,66.77891844591315,1.0,56.11467315439535,0.833668626455003
1.1169131080243992,-1.0377333871132757,2.32588375223448,2.00707141952925,0.0,51.131816954970866,1.5713855163728203
0.2876417894029695,0.2852433978352641,1.1221178293278822,39.974875586158376,1.0,58.867483415854885,1.3171310323495447
-1.2958029547863168,0.3025253063419434,0.6500183120760804,90.30572262598291,1.0,60.63094527112547,1.2376176934987295
-0.6089771462149455,-0.4770513209615695,-0.3398948427090476,76.71167373384556,1.0,54.09574401423964,1.0714226786416332
1.006191635804331,-0.7494198412908932,0.3802891751257789,45.59352959213471,0.0,51.02973751349815,1.2036064726251043
0.23379671758688406,0.14787270041178316,1.4986910077198974,7.697569553553437,1.0,58.50616367360443,1.3909098477737438
0.15713515932512528,-0.2301844326667384,1.547558278663321,52.44195432737644,1.0,56.42180273116199,1.4105392501823497
0.6133797623576978,-0.0038281330557193897,0.7157865347047438,21.932296770499438,1.0,56.30882612944671,1.247847492010301
-0.5071330605392577,1.0856511769535349,0.4518164289512691,85.6939281615618,1.0,64.00129445567747,1.175618078899541
-0.4836595160290094,0.012821403317022532,0.08283661745728785,33.35730087996069,1.0,57.25052937660959,1.135939667729616
1.6458881664068687,-0.06974352129892257,0.5517293222205846,34.923050684944016,1.0,54.36083762323363,1.2136971569928658
-2.2276948290186422,0.631918371086021,1.0247200583729954,18.48036253346465,1.0,64.21410160107413,1.3031917465799432
1.6967478933873683,-0.3270015323262799,1.5132015128966332,22.030763181904735,1.0,53.73734122499418,1.398551798194707
1.1134378258017943,1.1736312458535298,1.2869521423353278,54.24581276058743,1.0,63.175813670442245,1.3193932366181536
-0.09990172025645756,-0.5512267125838214,-0.8923379723550632,248.51889700352334,1.0,52.41428554756178,0.9683014130707162
-0.6254437691534187,0.2665517980100704,-1.1812527482757018,13.169417054796455,1.0,57.67136459746744,0.895574634402412
-0.3024108164544492,0.09814378883413163,1.383579978944366,57.742586634940395,1.0,58.819489097894795,1.3737739525958315
1.0670657427941617,0.8333315497831559,0.110118447810541,0.6802946192065974,1.0,60.04086925415247,1.1106595299772366
0.6696206680301896,-0.99991951871039,1.6571853474864415,1.2807905391585126,0.0,51.286234004681674,1.448812945094158
-0.1554406807362582,1.0912506036868033,-0.2494443150091049,38.622500636304885,1.0,62.85445973503923,1.0436092067579517
1.1864099105334514,1.1273407060093346,-0.19267729564816294,9.766971958427867,1.0,61.314873338706136,1.045995232570501
-0.2850640886166508,-0.8929354764592813,-0.5628081352880372,63.77385208630394,1.0,50.97373422820385,1.03955460513253
0.17566935090400865,-1.1109689022506344,1.6942696237630421,26.027890016235318,0.0,51.33284065099459,1.4613094575634382
0.1600561153747589,-1.0223567923566317,0.1652279191936437,87.90961814135053,1.0,50.33990814866549,1.175599594810016
0.4900418626722505,0.42174449190835855,0.8078158820926304,52.36856558803792,1.0,59.08589637432855,1.254124391179071
1.0661849408937571,-0.9600044445033104,-1.4819738166884135,159.1259441329819,1.0,47.82923368178932,0.8637720945110825
-0.9545872700595824,-1.5217114972128156,1.1384162464109968,83.55254037819113,1.0,49.86806155869368,1.3753575414796861
0.16107226188347465,1.0269421151276246,-0.6347598111565181,109.45603160191244,1.0,61.659302757999384,0.9722285173034275
-1.7532341787186634,0.9579504872168648,0.860371203574866,22.15378292926093,1.0,65.33779552679238,1.2614317049384638
1.6208980286919494,-0.8041775096387359,0.8158797520019891,19.557099832495567,1.0,50.314692166462464,1.2825334195028533
-1.2634647366655318,-1.0755919130059357,-0.16662228266805407,45.486836108023354,1.0,51.61147615342536,1.123123286714196
-1.291222056038085,-1.5106168750184945,-0.6158570978470018,54.1002538457749,1.0,48.62294334256991,1.051698515891284
-0.11736128306545293,-0.3969341967259724,-0.1207776700059816,24.42344221580636,1.0,54.127017664165066,1.107257624275864
-0.16260222790373424,-0.9777128177046172,-1.877231409334214,48.55049363101304,1.0,48.984512028322065,0.7975481919525851
0.8289491200743542,-0.5933828079165417,1.131046968849796,5.017282004684515,0.0,52.94742051729448,1.3395132715642348
-0.7959869590623815,-0.17625202992565914,-0.7571635350402088,3.2509631763631246,1.0,55.708049014803024,0.9869940329178228
-0.5371848329209833,-0.5868726337385355,-0.9545024451642772,2.800849483807558,1.0,52.730751540365596,0.9600724470261139
0.1734255547690205,-0.7529652736994346,1.4779609065274093,25.861801685318564,1.0,53.236537954609645,1.4116048261225362
0.3035745060686952,-0.6961270363434515,-0.8465493222201669,6.265426691358472,1.0,51.0586687461938,0.9785287885024809
-0.20150495675725644,-0.00944096198371305,0.5135520405636028,119.50845073480902,1.0,57.17148579872696,1.2148653976391681
0.03321433487616912,-0.6261537511073956,1.956478152337221,34.58473878932404,1.0,54.65744687728333,1.4976390709393645
-0.04549138834953114,-2.74223830735054,-1.7643334383788885,0.9083139369392448,1.0,38.49949290733352,0.8652799765057642
-0.9921052187516404,-1.4677452716056305,0.060341241376447974,26.6256153920958,1.0,49.15338190588907,1.1742836400083436
0.12427648195717401,0.4434979863605737,0.8030778565264568,43.95644172644712,1.0,59.70328450841621,1.254614703127223
0.16372553780403512,-0.498412545635966,0.4883263865288484,19.935954078860973,1.0,53.76016726478507,1.2213831523585392
0.08696604959740226,0.5121225030574378,0.2623464939295683,5.374552508495718,1.0,59.61565780035083,1.15274351928349
-0.26728004399346256,1.7534875387781148,0.913483790348214,8.124278938247171,1.0,68.09373845538143,1.241956535155549
0.2633166377210992,0.7708824819971414,0.5972511485573471,35.35334729524869,1.0,61.24575449408415,1.2069215080803914
1.9982165765940731,1.7469911690807474,1.27878428818277,22.343147311848092,0.0,65.36651688772037,1.2977422233655354
0.6558149210851316,-2.1785089965955,-1.1687118857951648,0.7117433893483378,1.0,41.48817712120469,0.9567813369743698
0.3049754162840456,1.6323995117190615,-1.3236959899287608,18.8413202343732,1.0,64.35451846460688,0.8274891979966776
1.5281859996814138,-1.710638109969849,0.6046645797711684,40.25973887664482,1.0,44.86378789661748,1.2682454088245143
2.9496583654691677,-1.9517694470311484,1.951633052794861,54.13418347189182,1.0,42.874502359284364,1.516799812455504
-0.3583586966535601,0.4764174062728273,-0.4156822240306781,2.66849306280208,1.0,59.323025302401284,1.0304072705759204
-0.2709543721087262,-0.4269049765823537,0.2399928847563211,84.50439710288191,1.0,54.51984595571525,1.1757531011954472
0.965453185349315,1.5629488944766574,-0.42194846782986384,47.52270774774232,1.0,63.95976952748812,0.9929699039998804
-0.3074668154314165,-0.9161367757806896,-1.0712841538429068,18.5154481567184,1.0,50.35511804620073,0.946050733231995
-1.2187754622965177,0.3006123104057565,-1.8615199237698683,120.6493237720064,1.0,57.98895047250096,0.7717385362298883
1.0307909474435846,2.126082169501175,0.4318997915382503,123.56993280367381,1.0,68.0626804339571,1.1357463832742944
-0.7347204990326196,-0.34881002788927895,-0.44482871295555865,36.76344034116142,1.0,54.91860732167535,1.0491972580768314
0.20826992672355624,-0.020764891882442568,0.5603727690727435,3.3671813067800827,1.0,56.598775070641295,1.221659837759301
0.027448155290474136,2.5951916632093264,-0.1668724048188642,55.68529684947831,0.0,71.58954965620866,1.0175107784676554
-1.237498663063079,-0.4165346908949694,-0.6560126098869504,30.797227154198364,0.0,54.98369926772172,1.01455925650699
-1.0316168843565263,-0.5905367243646873,0.9415455439513756,99.64832867189018,1.0,55.28363124194064,1.31424804664278
1.7164622615584348,-0.0750775255395617,-0.533498002644764,28.505113260526624,1.0,53.142262757847426,1.012314342498667
0.21632032106424648,0.787475140098503,-1.5048399184346604,5.327600283601537,1.0,59.292501514138536,0.8170991716433658
-0.11623020397171055,1.965813029742576,0.07915542377100639,1.2423275330120571,1.0,68.30689705794694,1.080797856860855
-0.08465377491739767,0.10303335247195287,0.7939990429004435,82.4463840239318,1.0,57.96149805229056,1.2631995058112355
-0.2904343204314938,-0.2552306514277051,0.4163498708487543,7.58037853652384,0.0,55.73934015400298,1.2039306025165633
-0.3568463595858816,-0.7128467352071625,-1.0426000881155644,155.26156021787838,1.0,51.653449358927496,0.9461665522652147
-0.08624363074750636,1.1231030472879198,-1.010789957999437,10.623399559943598,1.0,62.18361773370451,0.9012663516475323
1.0519563398544918,-0.1946474513718605,-0.1183735132380986,38.82167085990532,1.0,53.74887418975293,1.0960212869839394
-2.339125502078101,-1.393224193405344,-0.2801819201420278,2.6943023794121097,1.0,51.06894751752887,1.1163571035083786
-1.2813087245644237,-0.9173813849744694,1.1534324117432828,12.117091731593517,1.0,53.89972840786551,1.3636408968775522
-0.08900309866798635,0.4786580259659176,-0.3447207599020595,12.145394317859616,1.0,59.044296857665096,1.0420614954697343
-0.20079781394955545,0.4665135233917514,-0.5708859712670384,11.717533805352735,1.0,58.89572052353522,1.001064723033299
-0.3469571150942804,-0.17623496268108718,1.0913588510593617,72.13263091492145,0.0,56.96210684161274,1.327223430015588
0.10249791274260504,0.4027627539323066,-0.7376838541736491,17.15589887025839,0.0,57.94153645559292,0.970242353437726
1.6519983530870719,1.426078621451908,0.9463668231026778,3.2515993468317257,0.0,63.60033085954857,1.246603058431048
-1.2349034326672144,0.9581824296215964,-0.5384679320269425,61.925642454662636,1.0,63.23258958336828,0.9993795139708811
-0.6889560322949613,-1.1282942589092697,-1.254221244954843,33.44479088161977,1.0,49.43039961284194,0.9198830564644843
0.15987845356633554,-1.007632583153796,1.2081960898593926,42.33670048695458,1.0,51.47655989433887,1.3685212362636185
-1.4201725097919795,1.5283869752385368,-0.029128064504062263,25.34679713485951,1.0,67.368828775614,1.0794488024455449
0.8991643886459904,0.32021768531562805,-0.888144256147179,62.48291844208275,1.0,56.22699575860008,0.9403186742826914
0.4545413587014938,0.4497915931054091,0.7400250740748041,8.035417347941692,1.0,59.23154043022626,1.240994873354062
-0.6090154535004018,-0.0028921406569382816,-0.6422886312775851,3.905250781386773,1.0,56.59714588746602,1.0026278919551668
-1.1942206281249237,-0.3654631429704361,0.2946965145896108,0.4845357472699149,0.0,56.18397374802689,1.1891713812131968
0.7254729611687637,-0.7001651108857219,-0.10554203798651117,29.294615731054733,1.0,51.21110665502241,1.1137316720130956
0.7738691870236545,0.6361953479993887,-0.27406326665184233,6.7567366833846485,1.0,58.88345428308434,1.0463154319249819
-0.8748558822420611,2.9817049814900525,-1.3269926297675836,3.4917658913466285,0.0,73.926643310705,0.796908716840029
0.11396156782465353,-1.2471972744514592,0.2708036988050751,0.4480204569966505,0.0,49.17793807697143,1.2014582756367467
0.029128711060612555,-0.34398145155768306,1.1017690207481692,119.70998053243312,1.0,55.47266885489736,1.3316537108736854
0.7320990548066766,-0.12451607032029535,-1.9393955174945248,150.99805681792083,0.0,52.76328647343934,0.7583137162911124
0.223328128915883,-0.6448526615305936,0.8168955988290633,23.26293069168927,0.0,53.14384126056075,1.285902282352289
-0.7894824696641187,0.1516617324865599,0.17173193650951893,53.67367924167564,0.0,58.574049370333256,1.1503176752926951
0.2808237428925172,-1.1305439827539716,-0.2735993910462667,4.887470539958418,1.0,49.09535962056985,1.0965251701564458
-0.7495733806189221,-1.0988813398297128,1.379601575169357,16.876951352117764,0.0,52.33599755769668,1.407601090818781
-0.23340809621934366,0.2271203745038039,-0.9425437761471522,26.111301017023624,1.0,57.14932579341339,0.9387862640376516
-0.7959667538957794,-0.6962012937920493,0.5970169763556903,84.64633762282725,1.0,53.99389550656098,1.2519708004654697
1.839300448991514,1.3618762317252435,0.6545019363651071,9.036067959601233,0.0,62.67413224190888,1.1932308083890255
0.25537143347775243,1.6717850534390075,-1.1495698452849972,6.491577879500395,1.0,64.82966122189362,0.8589700618814917
-0.026639579513542545,0.7580261509628217,0.5571782927465991,128.66837517629048,1.0,61.520537647899154,1.2013879227203725
-0.5816245457192512,-1.3709653086317368,-0.2640159876236484,84.38340038441959,1.0,48.84593681755253,1.1093697610062194
-0.5025541596653099,-0.5257319742422044,-0.7239968574580683,139.15627183507695,1.0,53.27770158196176,1.0009687491788346
0.10169317225265306,-0.520212592693174,-0.6828067955031952,21.29669710978059,1.0,52.53663154702682,1.0052282548103388
0.7041083955854345,-0.19756622687124364,-1.3199998363339231,35.35909029909014,1.0,52.99196327226929,0.875233191910552
1.3844269164785878,2.1427166059171894,-1.233890845592613,27.153656424973672,1.0,66.00814136024275,0.8246527295885256
-1.8458540653224584,-0.7724634511393893,0.05836761881983271,6.308365564751517,1.0,54.417105931148086,1.159787505960375
-1.0507833092490646,0.0090206208149465,-0.7683410364404686,130.8657592346957,1.0,57.136789332801676,0.9813027038681623
1.9933790387688144,0.0768850657072388,2.348884397900322,14.373646775007698,1.0,56.56769249090259,1.5410067586885183
-0.9329355191010068,0.5407483051653744,-0.5760189749340595,89.0947256011566,0.0,60.31749982335631,1.0020276039562481
-0.6966049761588322,1.4097787290736417,-0.11845776121798952,20.800898091188433,1.0,65.6010203039231,1.062215594767151
0.14343967292391555,-0.5808792216384717,0.2237976889854225,11.048680588511028,0.0,53.033450846920786,1.1746772399706253
0.3957115041574359,-1.3434657694748202,1.407739750363357,16.528258892317883,1.0,49.37205074930337,1.4132750617094216
1.0967114101753377,-0.33460964793226505,0.6584010683808239,7.5167508869274835,1.0,53.641829917256864,1.2435214452243473
-0.2832498888581759,-1.212258755201998,-2.10952251635328,47.63319629133033,1.0,47.52577737894924,0.761441504324198
1.8853035597892016,1.0781215193851568,-0.3473506898928692,40.52453542033682,1.0,59.92518343079816,1.0149169765872958
-2.316642090199571,1.5198668506639283,0.9145437901765316,79.0852962241567,1.0,69.47720095773336,1.2593768453278362
-0.8481753523042572,-1.8926814507331469,-0.6280153980518555,51.56722697292747,1.0,45.75235596774563,1.0573490684334619
-0.30281698375163896,-0.5117956721435518,-0.683179790629266,0.9755485398595688,1.0,53.13176844845596,1.0070930332140982
1.5686898572114123,1.326013899870461,-1.6407856149039552,59.91002170242446,1.0,60.517807907503006,0.7702032307808844
-0.13587016831477405,0.7397062867095232,-0.1658966332825542,85.56572565169226,1.0,60.83204132845413,1.0684401254148908
-0.18945606453904854,0.2686330552716544,0.13893499033309584,0.7667433298848123,1.0,58.42369389939264,1.1378901824260645
-1.1858920035620215,0.9667714130001858,0.04547735433061895,0.8471389075485963,0.0,63.80477527929706,1.1071224739617405
-0.5271175565906514,-0.013653846602544059,-0.8455376289708386,64.97786881285492,1.0,56.21850308450516,0.9648071637230062
-0.8877341402386891,0.6383534607588992,-0.264228176754723,176.25490633203262,1.0,61.14772585068845,1.056953669190147
1.2172313609158578,0.09236760421077264,0.04099302114258345,71.15391800933523,1.0,55.3844943708778,1.11696252779799
-0.6787823415448364,1.3644980350447533,-0.8522845220120345,62.37430276178035,1.0,64.57077827306007,0.9273211512911155
-1.03183023551937,-0.32580358228376793,1.4805266618815858,18.114121390960925,1.0,57.39258009125889,1.4070343900983946
0.19549216271039496,-0.22325821126527148,-0.3475880685686952,3.4517043972586725,0.0,54.50440593660312,1.0588786157902705
0.004213112594844347,0.5763395384140443,-0.13996235346314834,18.139836381452024,1.0,59.702518536296914,1.0768904058939766
0.6005066619378869,1.1174927601809015,-0.9999226412594534,18.096042139931487,1.0,61.23488577400947,0.899764057117173
0.2883539606754453,-0.7322441945653694,-0.5674063696049044,13.672592827138855,0.0,51.14633359962241,1.03132068720105
-0.8231168723615467,-1.310579552142929,0.24983516386333945,19.760365764294495,1.0,50.045990364006634,1.204279641966285
-1.5050270458241874,1.2460403375152815,0.1591959624723277,35.83447370070427,0.0,66.00213702901635,1.1223978352432475
-0.9828340372175948,-0.09272717766399714,1.27441633794369,22.88520559044544,0.0,58.49822331855991,1.3623045253791268
-1.6883513568965518,0.9441542850743342,-0.9076570732798528,29.908362029480728,1.0,63.38988870013283,0.9337480651042356
-0.01769393883939596,-0.34342158852436,0.06191177070132134,26.351060532254078,1.0,54.492988374370086,1.139148833380352
-0.8584909704154604,1.6047160827373192,-1.4312324065490334,26.400240769993573,0.0,65.65211811170175,0.8145143681429945
-0.44088821110659815,-0.3361629817042823,-0.028680980677342996,60.76370058961686,0.0,55.015711056534435,1.124422090813122
-2.1471599051249317,-0.8323818334359091,-0.3190621420561405,48.051543113166026,1.0,54.08933493428472,1.0930497222914977
0.6560306946792638,0.7091327581496766,0.028603939966381192,65.72116744563706,1.0,59.778494613660776,1.1010841651646526
0.6113631533345991,1.130302413917372,-0.9703146354023297,5.640001286602978,1.0,61.32582124320213,0.9048496618837809
1.7188628262297168,0.5575599990516018,0.7670316976266391,15.552026850610225,1.0,58.190721959955425,1.2363520170576447
1.248786655263739,-0.0900766252919212,0.1577808783150018,10.304601495099266,1.0,54.37990637602354,1.1433450951860507
1.4083896708906598,0.5322826227737534,1.5445899606801936,41.54370597578804,1.0,59.24227584473633,1.3828116390762035
-0.2630991416809984,2.3424491997238053,0.5008888135250591,18.65671781209429,0.0,71.15785992070597,1.1496272344648757
0.3451603214507057,0.6730989817120125,0.40713421258443977,11.302359153055011,1.0,60.36549276011304,1.1738743138067735
0.5661475751730267,0.7025737055138473,-1.0072762819662735,3.692316179871933,1.0,58.818784270871106,0.9097377500701761
-0.7957663561240691,-0.7084459632577914,0.1864320791905903,10.508000093382748,1.0,53.508100576461594,1.1761960425446913
0.6469437286462458,-0.3159370892926341,-0.6051630194821092,7.867049205838279,1.0,53.08785683890291,1.0112169330273164
-0.505477060274259,-0.18152949200179647,0.6535456913436909,60.687439182575986,1.0,56.70416598620056,1.2470626277749304
-1.2612400317862804,-1.5516914755563562,0.1869297297335122,0.6484691508605321,0.0,49.147111840661125,1.2014408473759748
0.6641744328280392,0.19419491552752727,0.16848648029330812,0.6147742474193261,0.0,56.861376408275014,1.1408099933021978
-0.5473519897264405,0.3172350062092011,-0.7830058679751702,0.21531209952529204,0.0,58.26656462089611,0.9676111711756002
-0.4102561327602305,-1.486292642508449,-0.4102975248423163,16.07686233412126,0.0,47.78519566875967,1.0844410628315073
0.02398041652606897,0.5333724109155975,1.8342669798161817,19.67140621718812,1.0,61.40781200662866,1.4438676502829437
0.4296997077531307,1.720334862415268,1.3713655036310026,32.77590992336957,1.0,67.417963101823,1.32399508548165
-0.4033824228306358,-1.517716329336742,1.7697127626377114,31.21855791621541,1.0,49.78321358554604,1.4893188291502564
-1.072686709483651,0.6182922220836349,0.5425138531110313,56.18782293990537,1.0,62.090168851561046,1.2080120505749272
0.7852350285607729,-0.5932399369567228,2.289275509945542,31.49378005060971,1.0,54.17248754424057,1.5544231273728588
-0.508062004117313,0.3617790498613914,-0.5816563040793294,8.654183019574058,1.0,58.67969484891881,1.0035245823169965
-1.109059174669799,-0.7437181586444713,0.05177225192879842,21.5665622479667,0.0,53.58657242808718,1.1538577214049537
0.4120017285364804,-0.7896832858715814,-0.44537815437511896,46.74392364460979,1.0,50.76242850599495,1.0548225767363695
-0.8267033069646613,0.3419365960849661,-1.5403414942125508,3.112094113192111,1.0,58.02765936185578,0.8280651176575546
2.0849879772984137,1.0809288942759774,-0.6670613001512348,13.415659059741525,1.0,59.350759302194476,0.9545160807812901
-1.7198540454766795,0.2095455084753472,-1.3328640177795794,27.010387312695475,1.0,58.65795927582744,0.8748498709732434
0.8459648070512671,-0.2468415119755805,-0.6863198253536573,51.78014161777804,1.0,53.146551353202476,0.9932542029991402
-0.33957804284501597,2.7193365004510093,-0.2105941326740136,10.096412702767172,0.0,72.77526332247325,1.0080297786969616
-0.6753398769470675,-2.0835959516311795,-1.6034818223752565,229.05740983671868,1.0,43.40817946216464,0.8807530789669835
1.8112276855873233,0.39306605917826826,0.4906785742299507,23.96664468400611,1.0,56.81478520436666,1.189057775600208
1.9619293326932068,0.6729561887325687,1.2375936029390189,40.26439928263286,1.0,59.01901759046365,1.3191717919650088
-0.17387817255964585,0.3565403322334977,-0.1242170152811096,43.46140294853569,1.0,58.65807444473373,1.086668190140558
0.23639913127922366,0.4067161991624822,-0.9155473580992736,0.4071146836047617,0.0,57.60534609008706,0.9364536249558515
-0.5212043303565639,1.3586834505677403,0.5834824941022393,64.3488461586342,1.0,65.76826026227324,1.1927585844392037
0.4793022524613159,-1.3048820570101738,-0.8809650987185161,18.45741631504673,1.0,47.1850027473328,0.9875749518246215
-0.4066745356544538,-1.3061194841533363,-0.9572956797308791,33.98746209391742,1.0,48.296126150931386,0.9781914626583166
-1.654436197869837,0.6953843528031275,-0.3966554941715808,121.65431138244585,1.0,62.386274208559776,1.0349692932384489
-2.7469675996629905,-1.0842473863320703,-1.6398097129868816,5.019254596481471,1.0,52.079484353419524,0.8582195606109218
-0.1746011601196221,-0.20892197828090794,0.660789207687218,87.10611851752728,1.0,56.1030009925969,1.2473746097170266
-1.1200245272417089,-0.17983559114464492,-0.3939414812270864,26.02941088429366,1.0,56.48941587789486,1.056144807073963
1.6661366275267862,0.976207470992869,-0.8185900967388985,22.095016545063626,1.0,59.143737337413334,0.9314815903736217
-0.4241863386393433,0.4487716690803633,0.5135614957833552,29.31487737270952,1.0,60.18312835079656,1.2037393386981343
0.04415263812807994,0.38600741733488897,0.8536206437607634,6.756996086189983,0.0,59.522056843102945,1.2659561731725761
-0.24506035115363664,-0.9277572681770808,1.6245756279139298,5.066692587904424,1.0,52.91436939897456,1.4457134834340888
-1.6540707676195336,-0.8050892240324721,-0.15098671673555555,2.56628883986079,0.0,53.75470984669678,1.120836046335837
0.6779015446222597,-1.0496067321573768,0.5654303819290251,58.41975073353843,1.0,49.88269362382876,1.2477451114084248
-0.8846988500739099,0.4351499883785299,-0.14745525825619255,54.115352578996855,0.0,60.05876667622873,1.0840437885231733
-2.4035975369062728,0.7214372746441683,-0.0150943725740187,56.76792217113422,1.0,63.93496763279207,1.1089928574002164
-0.6388658899005368,0.17254435522443326,0.01602973651608169,23.4089914553294,1.0,58.337773675128304,1.1200922663990747
1.6057980830605272,-0.38587661444020666,0.2242660970357377,29.325591174976047,0.0,52.214929543116426,1.1617130123122579
-0.5711133841786848,-2.525805584904749,0.1190577491937448,27.2214761063007,1.0,42.38401842672389,1.2113598626568736
0.008216999931279188,-0.4831395968770064,0.13766845303052133,79.16187181146142,1.0,53.707544075946,1.1568078213594006
-0.6766017421458962,0.7710118818933047,-0.5236708825562788,0.9025427836030266,0.0,61.38681319011048,1.0041719718252113
0.2786274374858022,1.62150075962648,0.37294507537689453,4.713963362143616,1.0,66.03250062892396,1.142399086711484
-0.4833716539825686,0.4413584433343111,0.4371382591208644,28.743533144334467,0.0,60.14222292768397,1.190089453020067
0.5163164699260164,-3.203921369457061,-1.4291146851070589,24.737943847242807,1.0,35.34707307179211,0.9368236187112765
-1.399587918162618,-0.9070073131070112,1.4040428163295349,58.08028982830079,1.0,54.37280672292079,1.4104448711110837
-2.2861704261383613,0.2392854179031819,0.11156273366826168,141.39302671919418,0.0,61.051106772354096,1.144802423790516
-0.30240304494994114,-0.6330557779710076,-0.9863147268878816,30.389984327593087,1.0,52.108747623632105,0.9541636128615587
-0.06124858289851801,-1.4063135741218042,-0.1061207357465168,127.21701257003978,1.0,48.09361520080836,1.1368072666603537
0.8477568656565059,0.508854609275721,-1.2985175184615876,3.538179702452348,1.0,56.99964269352052,0.8594589467436018
-1.2188358707404363,2.4080698648483665,0.870503204731678,126.14640327534596,1.0,73.20733781371212,1.2214759992431574
-2.0289876139001257,-0.24665823976246906,-1.3618888482032585,55.93566618470611,1.0,56.34646377127862,0.8833838630670462
0.5611199300195309,-0.8895025229403142,0.6775179173668637,31.682800439514853,1.0,51.10033508780334,1.26484074660312
2.808646290764972,-0.9654091460645132,1.16626561609156,6.782822881242348,1.0,48.11085485726237,1.3454693955242856
-1.1677161538627718,0.05461063294120638,-0.9170158227276378,40.45819116135692,1.0,57.4147170705632,0.9531444625856274
1.3652724062026034,0.1685141056971564,-1.2286652439894836,22.950206416999887,0.0,54.35797912186876,0.8787911015944146
-0.08563797313557303,-0.23396344891223314,-1.693666735992231,24.314051151314448,0.0,53.46608850535448,0.8111689725981688
-0.220937059639026,-1.2198006650210218,-1.506645944734402,7.228484632156497,1.0,48.00361896751506,0.8730559944308667
-0.17036121889994066,-1.4241370983021124,0.28733331961307484,88.17019428549428,1.0,48.53119288036288,1.210796645115059
0.5446039986477125,-1.1130837210564783,-0.6022704315157618,49.55081609729064,1.0,48.51215185263878,1.0337272774138524
-0.6403348388433961,-0.34423952184555306,-0.3670406660887212,92.27261072283837,1.0,54.89657811334879,1.0629885512002293
-0.6825882276552353,-0.4554743749777736,0.40645701292937453,18.917043519774325,1.0,55.07359525535295,1.2095737659779096
-0.13097233310446404,0.2222339872000976,-0.3898484880193598,31.619611226884636,1.0,57.538266183488076,1.0408138946878371
-0.6597943298320749,0.03596842178380952,-0.3530369258632388,6.9159020870327055,1.0,57.18659071421052,1.0554679222468464
1.0829111596186036,1.4392562243785894,-0.1611236243160881,50.82093058258465,1.0,63.331833531995635,1.0440120420375845
0.060993222163342325,-2.1571034275179795,0.11821695734250945,16.70800039388168,1.0,43.7120136899766,1.1979175548428496
-0.015973722295281725,0.2532244887713219,-0.38447240487232937,29.786958376957326,0.0,57.571903780974864,1.0403632087898589
-0.2804810573343488,-1.7800104541272854,-0.7854202582894306,26.60232918129497,1.0,45.49481055937485,1.02211347432189
-0.7778893198181924,-0.6020435747647418,0.845731249626596,36.655524096605404,0.0,54.77685629325443,1.2954430065326554
