x0,x1,x2,time,status
-1.298840024326121,1.3187276365403349,0.1810137987476292,3.4517392979944885,0.0
0.22329258116774478,0.40181356838391163,0.07724428500751677,112.77407603948505,1.0
-1.083399025116604,-0.6781928234357293,1.2931161333967194,0.4672745463673786,1.0
0.8526458281012926,0.8968033454844048,0.21753555565585303,4.561362300071972,1.0
-1.1149715935131639,0.6961552042680507,-0.20393811314382995,43.32631095582053,1.0
-0.638731038185047,-0.9042277153019457,0.17686968151356824,30.924695915988305,1.0
-0.18215482995010657,1.0563850296570114,-1.628076803891637,39.643846637173375,0.0
0.7006538836616603,-1.744130859537036,-1.010858334492752,35.51179577991981,1.0
0.8873213488362722,0.6408795754037127,0.6371861992588929,42.49993934935464,1.0
1.2055946503873591,0.7891806198250504,0.5406686778609099,159.70171256509315,1.0
1.4314908293519515,-0.22556493579299344,0.31270488125072826,91.9627384750604,1.0
0.11800653633330845,1.0133938830053197,0.14990709823684828,12.55356939533887,1.0
2.678587839396007,0.20072455296392797,0.37127691832878806,39.08112518591189,0.0
-0.5777852430601158,-0.05159911569173715,1.653063969997332,45.893265369955834,1.0
0.4885470069276723,0.691050983102371,-0.054261223828964616,188.4583511948493,1.0
-0.3047020301146291,0.9408546255466317,1.3140871287186593,24.240827685139756,1.0
0.0459974608704206,-0.05933148731940332,-0.38210655732251436,17.362906259000628,0.0
0.5032837277916073,0.11350012139375737,0.4633581120498052,31.029526954584963,1.0
-1.541234235274717,0.9084332054867139,-0.06721417249148591,7.962260283896669,0.0
-0.6309240603117698,-0.4460421172603522,1.0471848882392063,43.20152420383972,1.0
0.21928242075867768,0.9730030862186472,-0.3414670623299138,33.94541601488855,1.0
0.24767002450994383,0.05134263722303145,0.5199372355163199,37.492958034073055,1.0
-0.7560992200185249,-0.974053700466491,-0.20780904483823112,6.6071458472989715,1.0
1.661591588775208,-0.3427865841782459,0.24079173233798787,13.780830490042334,0.0
0.07965426534244496,0.48223568641103104,1.5088513057526405,8.238966196026988,0.0
-1.4748002792345587,0.9260942738014282,1.2742058444665854,41.45553080831116,1.0
1.2708037716801743,0.3276026114509278,-1.2197051825207719,158.30345391332585,1.0
0.2765730125549188,-1.065784186989616,-0.6907136127120053,44.415507116388824,0.0
-2.2302582118601766,-0.44429153755743067,-0.6561359344818919,83.0914138089614,0.0
0.670836043273695,1.2881122303926424,-0.6578485587749764,19.944748430871343,1.0
-0.9522776170589466,-0.035995478792924744,-0.03193530864686976,89.39310763488609,1.0
0.7809813929913236,-0.7478419196604967,0.4938425436227025,111.6724258840108,1.0
-0.06994436826869249,0.8797304742198115,-0.5496908350121807,31.536102557687997,1.0
1.1510306190629611,-0.6897999421502028,-0.14035708391503218,31.992474445232453,0.0
-1.9039827943460998,-1.442649377487479,0.7282691108149651,4.708189987785554,1.0
-0.855690439034546,0.031803595938868744,-0.6205554656574847,70.12265401210045,1.0
1.4115643431367562,-0.7511599969031741,-0.01123598852813415,134.05874498678756,1.0
0.18235182547172724,1.2482560831721368,1.098470399535201,89.1479049664573,1.0
1.9766269996939485,1.0690095933662176,0.9330526827237584,3.160570879729078,0.0
-0.4212830560117708,1.5830392690161548,0.015131149207874558,11.58964022791688,1.0
0.5164276396683953,0.5888170647861847,1.7427457150764971,74.46438346008473,1.0
-1.445249963649497,0.16531124575462175,-2.1456185728166277,15.79897541269201,1.0
-0.8551647452529555,-1.482185298429653,-1.3441763098742474,5.931689750868077,1.0
-0.8284997280737494,2.689097767427564,0.1735207278480406,3.058622681120736,1.0
-0.20249623145725756,1.5754659360102055,-1.858764066547099,65.63146994589945,1.0
-0.4979640226440347,-0.5465481479276524,1.3192241813969683,6.352833001867278,1.0
-0.9488535484470714,-0.512632766123796,-1.1902302163689555,15.67663773642521,1.0
1.4872216972060988,-0.11337153847857549,-0.24881283272738447,104.61203794172395,1.0
0.2503769257830925,-0.8926842939173449,0.9281475270351007,145.83005577273138,1.0
0.4129963535814905,1.1068816801542571,-0.007681882028706968,10.826838989152158,1.0
1.0813026072247593,1.5047428349600458,-0.1551813913362338,108.7867759614473,1.0
-0.6534766589697443,0.21874145433460163,0.7816618383289342,2.6801142619090847,1.0
0.41551535133041445,-0.36540408031006594,-0.16688845986922737,70.15269002252562,1.0
0.15714029392947423,0.4019466631075038,0.026929979001117557,15.371846772669866,1.0
-0.7103732171873566,0.8638355987455609,0.03237197427652736,1.3426796155980278,0.0
-2.0851958245473807,1.840002900408053,-0.12337923905093753,70.90061204535355,1.0
-0.28934487251032803,-1.4232000701951624,0.8481413924804163,123.38570917293224,1.0
-0.9067137047102349,-1.4952062807697641,0.9308946933517014,133.67645539165434,1.0
1.1349040702156683,-0.6291031375564118,0.5749558475329825,207.36959323294593,1.0
0.40550636243170585,1.996382203074615,-1.0594522399025852,1.1014795895187168,0.0
-0.2162957149317551,-1.2944758566604142,0.6525044060455415,1.0388820821264177,1.0
0.19059756147494,0.5718768951778171,0.9133687044167687,104.17597359648558,1.0
0.39622087173652537,-1.2873400480673627,0.8775055717352739,108.02720828464734,1.0
0.595531469625399,0.2205795445098666,-1.3975932683555565,22.55177618732044,1.0
0.5789639384019815,-0.3978747028000411,0.1535596990081263,29.560405274699853,1.0
0.23592662464234207,2.3967746877266296,0.5666492749294407,7.666527020076451,1.0
0.6995445565500686,-2.0948056717700174,-0.6067209536062702,70.57769645228434,1.0
-0.8428076960796111,0.31903501105404364,-0.0628215440843909,13.12624112550639,0.0
-0.31225842031320045,-0.13720130700711164,0.8047629706810984,40.83405248917765,1.0
0.38382576647216593,0.2653593715721802,-2.3494168695163857,7.466042350943125,0.0
-0.31146886949569075,0.9405548965834404,0.08459334024776145,65.42028940841485,1.0
-0.4631409342733769,0.5444318485900611,0.6977997540252224,184.44853938949814,1.0
-1.125561982793309,0.792997573654885,0.8697810099400972,129.1045789772527,1.0
-0.7787825416376737,-0.6155481401535509,1.1419529097364092,120.15085029275112,1.0
0.05682778020592786,0.9672473845762618,0.21714077909566518,47.97801154175284,1.0
0.23317110148462042,0.08909539059941023,0.9307429107641314,19.713920134010593,1.0
-1.1802171261978698,0.35474092410096775,-1.755528554365873,2.964868516210518,0.0
-1.1772505150221455,-0.437300583943813,0.28287138590410343,7.694974458298634,1.0
0.3130620973659755,1.3440436206809154,-0.5941245424665997,2.6304659802967096,1.0
1.0977530685075347,1.2653456245887995,-1.1101788630260851,28.309084782085975,1.0
1.1230317514886428,-0.3965234757287669,0.2743800110454538,38.33438913709942,1.0
-0.7260669561590528,-0.7061529920086987,-1.1489373561867093,54.539525573157924,0.0
-0.25035213487979807,-0.6305080234982945,-1.6197452627267734,107.38337976659118,1.0
-0.3539480626562127,0.35291960125926514,-1.9695158361484957,5.635469455910428,1.0
-1.5456922215674762,-0.3193706732670593,0.1953288713141962,56.66739250129166,1.0
-1.624412215947589,-1.4374908109604079,-0.3467149124707739,110.04869752479424,0.0
-0.8882811658503753,0.7077820904493382,-0.29598187931412434,21.252797874563903,1.0
-0.7587030368609642,-1.1620266531551158,1.6498954290979553,58.55468452444784,1.0
0.981089230085299,-0.1755410694973641,0.28920142841838953,61.98793348428225,1.0
0.7161350852227191,1.1105046429843102,-0.45253745416478575,7.135258625106924,0.0
0.5269748709740539,0.9537864864694825,-0.4464012940288324,51.73697753899879,1.0
0.6645431115544486,-0.3810795422707669,-0.6739781689057973,70.59352673941979,1.0
0.7176938871017151,0.34505701438537373,0.27122724990952085,30.629051247936886,0.0
0.3477358670435727,-0.3115726311931589,0.22765888821155308,10.441490969194009,0.0
-1.2141790701099042,1.2531954593914076,0.9737405467696607,61.38443262451596,1.0
0.010852537403588687,0.47469232455399757,-0.5688999201603046,48.92507325777283,1.0
2.1633662675008365,1.4595622565889015,1.0580464490428694,89.04785278790493,1.0
-0.7959478049518686,-0.9421888984716091,0.5042321626414936,75.28713896163367,1.0
-0.2801079435351461,-0.18818439513154975,0.021574153736691946,24.364171888756626,1.0
-0.03997648069909871,-0.8991089289632518,-0.29154727751785087,92.3852483255536,1.0
0.5287499642306775,1.5119072002371572,2.4852930660457493,8.856647007833777,1.0
-0.4410702671675288,0.573794328337302,0.027524502505564017,92.38155743446337,1.0
1.300196561701928,2.3953376494061556,-0.14248453024919355,27.06491252050314,1.0
-0.2075619047998522,-1.3288889115395965,0.8159522804639492,154.59883945369168,1.0
-0.08386250080112086,-0.4235248879714618,0.5124150959342613,23.70889964785863,1.0
0.9428746869476108,-0.4953666615720522,0.5565067184902365,137.17074792275687,1.0
-0.23482621239194224,-0.5553287487061257,0.3450236397975931,65.38718739638193,1.0
2.0653630387942723,-1.413017871789663,0.11133800812621725,75.1114517401301,1.0
-0.07239670135481577,0.1794045134028972,-0.4619727422386852,60.826620745812185,1.0
-0.016892788493762245,0.7605968911456857,-1.2809936479573094,45.759478838579476,1.0
0.7445230898625494,0.13571264685129336,0.7980461624979373,31.542188184439087,0.0
1.03609577931125,0.3276534532205709,-1.039791599722708,118.30784035419978,1.0
-0.2683658241756219,-1.7686052359383877,-0.35840236364825623,24.582067125632292,1.0
-1.7486074977709007,0.6250740825326245,0.8213143124672244,7.606888496284038,0.0
0.8469914802093118,0.46156102503388624,-0.9967297490734436,37.1692127676365,1.0
1.1238898390511503,0.3665120379507432,-0.39224042433673295,45.251997820890246,1.0
0.3820231085697641,0.1175212630627097,-1.2631463134650431,7.12306105050299,1.0
0.7486557412874991,0.29612858260341923,1.1961862004202979,70.54952209014165,1.0
-0.149737189164053,1.2093943186927054,-1.252977955812308,6.342439200570223,0.0
-0.26747519869316566,2.414592559700768,1.4447886159358931,8.8132730119337,1.0
-0.31865929658871467,0.6000475978894528,-2.092952612125284,17.624569967985032,0.0
-0.43842417029378494,-0.2436100136839349,0.3031888916083493,4.2171181522416985,0.0
0.303007207764157,-0.3201005655166027,0.017020392715060822,159.38697209050636,1.0
-0.4379898137106912,-1.707178833840473,-2.8603385107719155,87.91844286714094,1.0
0.8231554222439342,0.09865760048371874,-2.063230362806407,18.60339421169402,1.0
-0.3085694780376648,-1.5055988100340296,0.5931601421297666,57.81553430521795,1.0
1.2747645270758712,0.1323122380545616,-0.8027793707213126,193.34970105769625,1.0
-1.6147888658635476,0.9863957951759069,-0.6682591285431215,6.449027503205868,1.0
0.3600521248789171,-0.38038057084828,0.8769428415714554,67.53878369563346,1.0
1.3928623067459776,0.4451018295680148,2.1522922623883605,114.25028033911164,1.0
1.1101122339212626,-0.6096602099633085,0.51983168696499,41.14629259843906,1.0
1.4569261061969945,0.4246940178567671,-0.33905214518965193,54.679944757374315,1.0
0.7429173036361676,-1.5763055160333248,-2.4430313351650685,107.81016060002295,1.0
0.7279864612580578,-1.688551808791901,0.02223196699840776,43.99942161720904,1.0
-0.5668187064110847,1.5115881092875756,0.7987441679114604,13.532897354043081,1.0
-0.22915429936143608,-0.9438443003797653,0.8259762875354539,74.52332835225174,1.0
-1.1860563437181506,1.7473872019161083,1.1983514805510669,0.9925704331973458,1.0
0.011877836953239254,0.926695515626792,-1.4213785549819342,66.13777783048124,1.0
-0.8484061023226827,0.28527479804636835,-0.43153307213906417,3.28565204534796,1.0
-0.9043009395881808,-0.5553117366455662,0.2568540468093584,31.923758819272358,1.0
-0.1068670104113595,0.4673061609906872,-1.0198126114344892,37.28176486283606,1.0
0.24182094551729447,1.0624040400408798,1.0371935164313948,40.54996781052088,0.0
-0.2453140720687803,-0.6600193516233743,1.4395485791075826,7.927366317263738,0.0
-1.676070512173835,-2.058422167847825,1.5154157283195642,312.0506847410991,1.0
0.2268408501907582,1.2724961700795894,0.1449300722311304,44.83114483975253,1.0
-1.4440761653666923,0.0016276913886582134,0.6751534707637752,101.13396087967189,1.0
-0.37617099633690904,-0.42771155508197667,0.7417040816500791,0.9001577778591531,1.0
0.5830999117799321,1.3768132427799475,-0.046746016829785624,65.3947292202581,1.0
0.11710709495653213,2.1603740059766086,0.1736223168199206,34.871889564696794,1.0
0.5262919284090525,-0.6546736023755217,1.961472985056543,92.04622701269355,0.0
-0.6843885856685976,0.1692977017767774,-1.4605032798527156,48.841930934572844,0.0
-1.3370248769453796,0.14786243309017696,0.3834829962888243,45.11252717260788,1.0
0.6236659744255467,1.1558306226054997,1.0382571171151194,57.170819633421516,1.0
-0.1332963028894483,0.11738677663595175,0.31258964694492447,56.32492244887203,1.0
0.8639500073106064,0.42504796364598935,-0.9603244274803766,65.46530062459281,1.0
0.04172847333193409,0.2882087252489444,-1.4668846064414518,27.273058979097858,1.0
-0.027416509326726395,-0.22678214793183044,0.10774645693323584,47.68138850649504,1.0
1.0280761596730086,0.38157263633810506,2.488848145352172,5.768650528896017,1.0
-1.569531034706237,-1.7596039622034432,-0.10985498883074592,77.44202236031845,1.0
1.752182038455433,-1.164293358891739,-0.0439274339882676,49.26035305162416,1.0
0.044364984644665144,0.5175825948075492,-0.6446043798389192,13.903600931707166,1.0
1.1782583661791162,1.1218090361625368,-0.5363937349968876,45.21007819962834,1.0
0.05387124953155289,2.4764103556885098,-0.380879453823726,24.04020018619217,0.0
-4.030579269636382,-0.07909163238811122,-0.63673918268593,66.0180387305641,0.0
0.07190953024614025,1.3021424781012938,-1.4549959825101326,19.24619048324519,1.0
-1.3959196602550523,1.5507975600615476,-1.4651604164116145,32.80437522796684,1.0
-0.8825568884201103,-0.18593295611145616,-0.49266816203377417,32.126613922182365,1.0
1.0829630269781674,-0.5940030942794174,-1.1081865711361039,31.73170729441084,1.0
-1.222186749454679,-0.203350803470885,2.042479948049114,1.7643991182930503,1.0
0.20864602442848082,-0.2532128437598139,1.4100559626476448,92.25443034057781,1.0
-0.7808484338963881,0.7006983606576105,-0.03015920320289063,5.8281989226723745,0.0
-1.4869458036199392,-0.6802941576870382,-0.009871988809692686,12.851962705106228,0.0
-1.2687661237218286,1.3589757302076901,0.7623489423726665,41.63129349276008,1.0
0.07446659108242623,-0.0905374189406448,-0.8753290064819917,22.40223592071746,1.0
-1.1864520762701738,-1.1102277455545408,-1.3886225781219086,22.42606167118027,1.0
0.5305950453332995,0.30800151187592645,-1.1136383530712899,82.19244137670204,1.0
0.742493824817168,-1.14045613311416,-0.07365578250405484,33.96857435278402,1.0
-0.8533757490918952,-1.8191575626547367,-1.6543621857380908,41.455268599516344,1.0
-0.07536620192155832,1.2554378653778466,0.029801518861385164,31.52981230710173,1.0
-1.2915636372785464,-0.6910573456308137,1.0996329134772391,2.41575002057777,1.0
-0.3497933616520379,-0.09899850685312299,-0.18472178569132705,20.21448793053446,0.0
-0.5126432676712627,2.0039116377670676,-0.7454237993212537,4.533813022446519,1.0
0.18578593372786775,-0.837515604857711,0.40139883883489014,63.97179906870879,1.0
1.189110239866663,-0.2588966952879139,-0.4207155127409642,127.31057121193031,1.0
-0.9514731047174054,0.9873700126256494,0.856910672074625,100.78913036291551,1.0
0.5291879649836614,-0.2901965546416797,-0.7798880959531633,9.444166016837617,0.0
0.8252254503595158,1.0582995382731315,0.022678892695793738,73.65023665078905,1.0
-0.27838756074830245,-1.0943449778427674,-1.5345195922825536,103.97168428290024,0.0
0.09951025826657962,-1.5738833942205168,0.2051035391514118,185.72746335864804,1.0
0.5207614125537107,-0.4152386376562226,0.36393852702973056,106.03155746715649,1.0
0.2736438820587068,-0.48148683689074556,-0.19598305751575404,95.80303576945319,1.0
1.6610011136931517,0.7141415608345463,0.909290243934712,17.056896886171373,1.0
-0.3151952419262829,-0.3115413761418062,-0.40765940711788107,7.539436372734431,0.0
1.519038706093951,-0.6544525994523857,-1.3289687727099213,28.883014870839716,1.0
-1.4304369191101067,0.7083383242774898,-0.6796753010741529,153.17494486195014,1.0
0.19259524097614275,-0.2740920764642441,0.7310856062942785,22.6876247263789,1.0
0.26677230184448597,0.2860156246013152,-0.3828749447842656,80.44339859684706,1.0
-0.1650799986459101,-0.7870885575059724,0.45710219121802037,7.9208474645617795,1.0
0.045687183496995395,-0.6195042754160588,-1.027991582275119,3.396975868578893,0.0
2.2970185142769584,1.4156842182388159,-1.187280536673756,37.06891084106472,1.0
0.961044088130219,0.09273143831381904,2.1553812789925875,35.29410531748683,1.0
-0.6294632700218789,-0.18891190395378257,-1.4517351227025155,58.06016295297111,1.0
1.5683376784308107,0.37995045504404995,-0.2937713318428774,111.45028441298922,1.0
1.287983802301597,0.8135509097430917,0.23381730064675546,4.150935633071366,1.0
-0.5720353175101363,-0.4217995580480173,0.3624070406237332,128.8719491214223,1.0
-0.41488937308075297,0.025557871275327163,0.6058454128843427,10.901137278868894,1.0
-0.4588088296587069,0.6548733681210072,0.0800812901519577,91.13760579254749,1.0
0.742434311452862,0.826486543290236,-0.05885092622815654,87.03476570572847,1.0
0.3956772258738195,0.512118337234923,0.2877195011389329,170.95305220252862,1.0
0.1026044439093638,-0.8942271747870552,0.4637217793454712,25.2306209799394,1.0
0.0906706868963711,-1.2950766902804198,1.5011218096704682,18.18280199059082,0.0
-1.72817209407201,1.0307443397450125,-0.4685883759893428,41.40007807178409,1.0
1.551769030490285,0.5361473675484781,0.664169413071126,10.342836906634119,1.0
0.476037182005226,-0.9236540003462288,-1.4093031653602874,72.0741490287121,1.0
1.3147270226571655,0.020329485722027377,-1.209810608815739,111.16762837115044,1.0
0.5426017611469205,0.5407080349399396,2.5317773979785216,38.347982266302225,0.0
-0.03689228754753886,-0.002891304266860873,-1.0605416360737498,33.97613877695081,1.0
-1.0182041307034246,-1.7011945151043795,-1.4053909259665949,26.219769595094142,1.0
0.9537051372507233,-0.3085191437095711,0.263143265774196,40.05023364978685,1.0
1.170598914633299,0.3084111669425945,0.41798015802121224,77.66375189254174,1.0
-1.3704341261020572,-0.926191500771428,1.28852902997302,7.556163863954945,1.0
2.1170344726374095,0.00827858952922414,0.1738498911769456,23.94023315866087,1.0
-1.5705451443049003,1.2776893262332787,0.3406408791433719,1.386311202653978,0.0
-0.7169633431125347,0.504410078001949,-0.34986083538119506,29.68909098301434,1.0
1.4052387240903454,-0.32550162786193076,0.19327539855740597,9.277357419049476,1.0
-2.1644497717601006,1.5733085609375859,0.3440133402936967,82.30133298548738,1.0
0.8247949230982475,-0.23297194244182964,-1.1756155151292003,76.83871546162914,0.0
0.31223632434926524,0.630503893675374,0.3010976847191664,32.80131999277874,1.0
-0.9700793192929595,-0.6784288500622928,0.6284174927931733,6.466059848844473,1.0
-1.1356339059477425,-0.651956762079571,0.25116979668558576,55.19641495428441,1.0
-1.9290335288719715,0.683818806996103,0.3316623789253455,48.99869677637879,1.0
0.5860694572110552,-1.471875138962032,-0.32655132445161444,16.237896585110978,1.0
1.045829016947859,-0.8427287749679219,0.1514489227730301,62.644602224473715,1.0
0.08009920876153889,1.5028021591378518,1.2966335611928532,18.8730024045995,0.0
-0.10531413414092991,-0.2980546126257639,-0.2924800678530462,2.8983921746393224,0.0
-0.040502816782222416,-0.22869896582839624,-0.2966397866237504,43.84431152290098,0.0
1.2592282209160257,0.08648496163994132,0.4476253454098988,23.78903693305093,1.0
0.8577358700563815,1.4852617687842091,-1.0616175696029269,5.894159912649392,1.0
-0.015330899992182316,0.1404677596589528,-0.02512210747761838,50.4619732279161,1.0
-0.9613602429780135,0.15543747676475364,-0.15388360983489272,98.4192393893515,1.0
-2.2616096568523654,-1.771890921308971,1.2365584232666742,0.0004422875892656442,1.0
-1.1771127108425437,1.5593770931860969,0.33397935762089825,35.95746297778043,1.0
-0.011762500531881473,-0.7417490969259906,0.2897169393107983,66.7275891693848,0.0
0.3911051031209436,0.7314153959351666,-0.8247317021618358,25.232371605012755,1.0
0.6345137171560064,-0.31745229971017364,-0.15983936264933,29.84647900468923,1.0
0.6245910798364874,0.8711299856800571,1.1132601659044878,27.8526123590423,1.0
-0.5318264163309956,0.7442016599197541,0.004167211255119777,130.99031300415345,1.0
0.559578245728371,-0.1598408730003304,0.06847694261303297,29.871942136439966,1.0
-0.30953442799686803,-0.6072609841778926,-0.5516953091111872,3.9024586044317005,1.0
0.4768617737724869,-0.6126587682013751,-1.228277989249968,17.42245755202688,1.0
0.3106671564239697,1.8282635769960116,-0.4928975583856611,7.443058599617722,1.0
1.5504450267030967,-1.9554442358486512,0.055875193232877714,30.44742242589836,1.0
0.2612451347753937,-1.4338813397549475,-1.6426415206709843,19.093270279816664,1.0
1.4604532883972847,0.8056232782821033,0.12338933844684367,60.642808496035045,0.0
0.9013422004639663,-0.963890283034251,1.4887448882887395,153.89038649658903,1.0
-1.54490381761703,2.361877790938632,-0.03387241020006729,15.567625396159722,1.0
0.5185718337373778,-0.43354971869087583,1.114180266502365,114.00625687436636,1.0
-1.0206799516139828,-0.40361973555106945,-0.19833093358082315,8.16970457548124,1.0
-0.9190698569315507,2.251421137385892,-1.1820926100398514,3.959684530502175,1.0
0.049459490106475684,0.12487309848180231,0.2127753445282843,69.55168145992359,1.0
-0.002987580898734283,-0.433963847527715,-0.984692229007506,74.87971323547971,1.0
0.3110790709493745,-1.8136328200558116,-1.824537365722681,44.49703274206456,1.0
1.1417462129198892,-0.6719377008526306,-0.5354239825890242,65.66664829353773,1.0
-0.17421198958174963,0.6702492679148526,-0.2240440278585163,36.856833020843446,1.0
-0.10055425613706293,0.29219858026807394,-0.4061479014307492,170.951880015599,1.0
0.014911146891394281,2.3405320874710207,-0.4296504013957469,0.28003961087607393,0.0
0.5316577425106038,-1.416559706679036,-0.9704065914005872,71.410316696803,1.0
0.3559070574507468,1.1541249035475436,0.9508792451297716,47.22897151391563,1.0
-0.8978387754615438,-0.16338702411373188,1.3013877547693977,0.3810431186304481,1.0
0.09234657073807678,-1.6277228550764367,0.03769430347608847,8.155377488107602,1.0
-0.7236995237383499,-0.054031574902763155,0.6905982986562368,22.105813562981982,1.0
-1.128839311076386,-0.7349006081908276,0.6466280956707466,13.748856163044957,0.0
-0.5634828905494716,-0.05026030032558556,1.1727988988851628,26.173536415315528,1.0
0.6032417946114341,0.51385560869569,0.4439428347845099,32.32985350729494,1.0
-0.7732247211679291,-1.3254347886832556,-1.3163599902908634,14.09519061026284,1.0
-0.26593094088240643,0.10296743132952936,0.5795948080139317,1.6398875285986083,0.0
1.7825014170195845,-0.5444393838576261,0.33053355672245827,72.20913751483644,1.0
-0.02595058849574373,0.07609663397407822,0.587070759540086,63.19328708490893,1.0
0.243338165998469,0.3217329360594253,0.6354655141185522,0.20094660251133917,0.0
-1.1007833348310438,-0.7532970520877078,-0.7144026242288338,35.94490016418069,0.0
-0.3750269869577532,-1.4966676550798248,1.8420139022631763,15.062889230284513,0.0
-1.0582773943652923,0.08413492710527577,0.5119795381647858,27.5713201358202,1.0
0.35347218685370935,1.8354658880117354,0.11866010651933798,149.07079990414192,1.0
-1.1167424444786487,-0.614209072859277,-0.3087986215916746,24.4974087542257,1.0
-0.17588461236674335,0.25765654294269175,-0.15897382563182363,6.772520741772988,1.0
3.21308780330617,-1.0656955851550876,-1.303975108233712,98.61915698857207,1.0
-0.26875606869059193,-1.0446170503428462,-0.01646079209364412,17.246283450376072,0.0
0.2834692515798898,-0.07301498281879927,0.331587429819044,25.31672909167791,1.0
-1.9053388892409926,0.08145103755995386,0.8266765620053548,0.9350070027549653,0.0
1.3172891693456623,0.31462681185427643,-0.8798720398874338,66.7698464123759,1.0
-0.6130005621933674,-0.4464460547395478,-0.26485683859599857,8.30940138481057,1.0
0.31984164370080764,1.1188532959494064,-0.13836911890839299,8.52207145569395,1.0
-1.6529912408919216,-0.7179941062004445,0.8931871928308471,17.807722925582375,1.0
1.303930417283803,0.33926829598718417,0.04505849784391982,31.770932480065426,1.0
0.2636826270812748,-1.5893813831280048,0.29489306271412646,111.74561317670413,1.0
-0.5890817819847733,-1.2521700433880045,2.380608929821298,2.9036226416984134,1.0
-0.9502128947211795,0.4886432206240081,0.6958362407217183,7.369965913051052,0.0
-2.9289705641684303,-0.3788973167840159,0.03301072036589634,7.159252584341056,1.0
1.3891533029933902,0.6328543683667366,-0.4063265845482374,40.77136325603212,1.0
1.4277378381190822,1.5259646656192443,0.9237144480565045,29.324747694517864,1.0
1.5778869046133885,-1.4986312214223394,0.8029580764606601,16.508442554056575,1.0
-0.5620521285913364,-0.8823961232178718,0.011874127426749162,1.6690232960624556,1.0
-0.9938163240791289,-0.657969073805032,0.4384878115024525,56.91106517598954,1.0
2.181307964302505,-1.3751592630927063,-0.5755189320579098,74.2606397967416,1.0
-0.5192530148475841,-0.43189193218340244,0.452502157298554,36.25020014978445,1.0
-2.1428742145415853,0.9776641503775645,-1.23154982748763,22.03759018387967,1.0
-0.8718681649022336,0.9501121341436976,0.30401823867854494,48.966370801107495,1.0
-0.9727627747576075,-0.32804524355414255,0.7678915366269174,78.55590469470081,1.0
-0.2195780631854796,1.8365839976382627,-0.5890323097917068,26.272022099753695,1.0
1.3876914197406398,-0.4041730583065556,-1.4719244663646522,145.79761271066508,1.0
0.545200149604539,-0.7914859196164336,0.16982779498990688,68.31184900332133,0.0
1.4069293479100131,-0.5537298871773053,-0.9681944322985705,106.2732598129883,0.0
-0.9388128133868645,0.3093393369839041,0.6260747833095557,65.54674452875662,1.0
-0.1713274121504757,1.0557005371658947,0.6470646494408887,60.918378629010675,1.0
-1.1212238576770388,-0.1055913938798162,0.5401429222631805,22.441094044693543,1.0
0.22097005518037122,0.4004227672367659,-0.5438632794184804,97.33397641659933,1.0
0.3851872973874095,-2.2757719693189764,0.5214118703431007,134.304251024335,1.0
-1.5854089641080926,0.3225866879774197,0.9815775665286637,0.7585074679702779,0.0
0.724883707930633,-1.4952668269869354,-1.1928261551305022,24.646934882360043,1.0
1.1801209382843194,0.7624535833542325,-0.3628239803515549,62.94541168405351,1.0
-0.4430005192177189,0.3321338685518217,-1.073043863299313,78.31636258932038,1.0
-1.8082184944561919,2.0263249441980715,-0.402629347242252,18.209044903777666,1.0
-1.8115860668218575,-1.4249752735040069,0.7729304847622005,21.855437747713694,1.0
-0.4488685992423626,-0.14089480675055366,-0.6598662261956897,40.650906424143905,1.0
0.49501338112182425,0.8443412069648688,-1.803053360733878,96.23878236923088,1.0
0.28573050892904267,-0.7656312806186004,-0.24940947146147716,151.2153406548539,1.0
1.3343526159352719,-1.8859594863350688,0.5705054814984298,22.83026095985792,1.0
-0.6350276317465589,-1.2508328164549332,0.5944985196473445,47.100592662301274,1.0
-0.36591828840103413,-0.45161416454278186,0.01365456655775492,18.587712809055557,1.0
-0.18112763187396042,-0.25882213615280275,-1.9176062717398614,26.69706126104701,1.0
-0.3101350787450898,-0.07112217525547704,-0.172638678704146,11.279144381324876,0.0
-0.6706384565493253,-0.057580203881339616,0.5837789526700172,6.3529514833024265,0.0
0.7431236230674878,0.6400389926845668,0.07076788813226426,32.000891206242514,0.0
-0.37972660362838695,0.35084273796895266,-1.398783395636773,142.61489704819917,1.0
-0.6915912088306893,-0.9181678344593637,0.48435598011803294,36.1893040172226,1.0
0.5512671154999307,-1.4843366177256816,-1.1576384118799774,94.54383116008273,1.0
-0.432061188053992,0.48344633268405823,0.8323778387630449,64.55306775974204,0.0
0.940634492061506,0.3808846422632586,0.9327896343525975,69.40792665887204,1.0
0.6161340773721179,0.04837889541314302,1.7635769228066176,0.08564348296850198,0.0
-0.05838294952305106,-1.0046688042454137,1.0138134109069583,3.263080563089625,1.0
0.8696749867543977,0.6957086922296921,0.08276875542864191,17.15487489676146,0.0
-1.1960689408068126,0.4092867734705389,1.4831588648670107,114.98161028397762,1.0
-0.9780902269764686,-1.031465401837707,1.1427987831428619,19.230525756431437,0.0
0.5774603037229344,-0.3513039088851498,-0.8156002549116462,144.47169672376657,1.0
0.4974269994321611,-0.07013892941020067,1.223794878484916,23.506781208332956,1.0
-0.4192922191415477,-0.1606066524245797,-1.7099681197352543,46.56380332238188,1.0
0.022518042198388773,0.6835922400093029,-1.7056548262772377,28.17364472350811,1.0
0.34672999210116534,-0.9479193127967509,-0.7072207558026741,27.340834116549697,1.0
-1.3904674646107937,-0.40389239185080783,-0.8184539042936665,467.8352562903297,1.0
0.7234479870837007,0.09833341231057202,-1.6653855178704178,94.16912497707938,1.0
-1.0982292654695893,0.09776729251803444,1.1665815763760856,160.76906768072925,1.0
-1.433611041399839,-0.8201014113752998,-1.4189189898715,149.5316741736353,1.0
0.5310095676833421,-0.4785243018947169,-0.9705333409555741,18.205867133580316,1.0
0.2909111473251623,-1.0893491206407537,-0.24795682521522489,132.2311343967288,1.0
1.0219710427920121,1.3010859219566653,0.9285449605158628,9.949563953139474,1.0
0.6754129029561641,-0.2782123249935803,-0.7429481789433662,132.0424250938551,1.0
0.6365749710356565,-0.7714969726962615,1.3427256898262987,7.50914699919637,1.0
-1.448753147294001,1.265923145351066,1.126934505403042,64.98476005272877,0.0
-0.549959096878169,-1.2507256833261222,0.04146967574821208,35.775330135329376,1.0
1.081887774460449,-0.17147171255176225,-1.9505425828209886,166.07059685600632,1.0
-1.4259012614320858,0.5426948468558578,-0.8466798566113216,38.364212313991644,1.0
0.6665293420930911,0.13278684685268657,0.026895360991875925,26.128632674841885,1.0
1.7093059666425663,1.150982668999664,-0.2323218544927082,18.277484317888316,1.0
0.27053251318731786,0.3756665498442897,-0.976829521513873,1.7911121123548994,0.0
-0.36025820177879836,1.306940974221731,0.238959020808029,33.39493750765122,1.0
-0.8114573957528481,-0.6273415080057705,-0.9418461185737741,23.977407415642084,1.0
0.7323742640683122,-0.003545081013657011,0.5362203496141478,22.56887502837576,0.0
-0.7711285838265822,-0.9117575127255566,-0.3451529314322783,158.53786687186079,1.0
-0.18570529685801002,-0.7553297447224148,0.9475472598869776,79.99166121564996,1.0
-0.2602260437303832,-0.05270397208584154,0.9985934229953287,14.482099072657014,1.0
0.16539945903047926,-0.014442542809290191,1.1863637572677257,80.55309399854578,1.0
0.6697059781879323,-1.2148811872846448,1.2061148652057154,102.98145479763637,1.0
-0.4679589587894625,-1.1746935040490958,-0.7332004861933792,130.6872109139051,1.0
-0.5752793571144089,0.16120365481160145,0.24357741376432948,3.4569482438152526,1.0
1.364884564331666,0.7876001305629684,1.355834601979671,39.87957744647257,1.0
0.06266108153400402,0.4992959961310127,1.1364395117841959,57.69089911834286,1.0
-1.198814546762931,-1.3739154554570974,1.6256216439744255,5.4411083901946835,1.0
0.16180138358453794,1.2020532674841704,-1.15611187752996,103.60232560506817,1.0
0.7104529066168827,-1.5272847349104803,-0.2882608375881337,98.14501763762452,1.0
1.6633302509455605,-1.4097912149743144,0.23141090636494627,2.048758693627079,0.0
2.253556819217412,-0.17163046631041398,1.203187706477393,134.12894744792445,1.0
-1.5753329014878916,-0.8458725080609154,0.9267789501421274,94.38241308984908,1.0
-0.725037603730944,0.8331655130703476,-0.16725851969239008,2.2177929682698827,0.0
0.04415645820989727,-2.471647512219297,0.4920318123749872,58.12445869103473,1.0
-0.06937456701290078,-0.20324794411237349,-0.8217105909655477,62.33931565674403,1.0
0.43529599338559877,-1.1792755458838717,0.8848948474777276,106.12622780138764,1.0
0.8244193634245573,1.2553089040191896,1.0869340961963663,6.766610912050932,1.0
0.586981013195325,-0.7602983121255893,1.1662171406196968,251.3261428187461,1.0
0.6605232334039388,-2.701858833319949,-2.052802421478793,81.92634292192088,1.0
-0.31855472021262526,0.04923397209113976,-0.7353434584149325,10.247523880401204,1.0
0.448184852248757,0.7067727508385496,0.28010822372577776,118.3737794203149,1.0
-0.06627001379365295,0.459863848467609,-1.663508626122409,13.624833538716231,1.0
0.06356862906401461,-0.3188935163535962,1.1250147717630552,21.297682848786582,1.0
-1.0346940918206233,0.011748151297542555,-0.7871783182671676,68.34213014032677,1.0
-0.6828024239690094,-1.8014451767324282,-0.44457080879389027,92.95862574045489,1.0
-0.10694224572232097,0.6292596341861005,0.16934738418306647,35.158997842088226,0.0
1.4667546363892827,0.13370153675020613,-0.13401730208262588,99.67768531173084,1.0
0.1898757961544043,1.0738767623062797,-0.6097307473163538,76.72396398289754,1.0
-0.32716158525090916,-0.8253832764046537,1.5516254524881739,100.4983497530198,1.0
-1.3025668580784258,-0.7542753440004275,-1.4691514236509808,1.7296391845684265,0.0
0.48425466833197894,0.4235111058743495,-0.12560923751587663,29.89147055788823,1.0
-0.654593738605135,-0.16384727949409497,1.0452794305206117,20.43166922304694,1.0
0.36205156216484297,-0.8206081963859799,0.4203483959915462,94.81469068593897,1.0
1.4951975212232747,0.2801233153767698,0.819196248621875,69.33344429039727,1.0
-0.7767682151762288,-0.9647111523865262,-0.3028720608967111,105.30931406017262,1.0
-0.14363259007909573,2.213002368351507,0.44500876905725684,34.859920304062044,0.0
0.3181766655968521,-2.059330881903233,-1.705068093192992,58.78877292008375,1.0
0.6719852143012157,-0.6323389175510348,-1.6436001139795602,57.029070299296734,1.0
0.7900384183559843,-0.4233775937425629,-1.2614093994370184,112.24109856579179,0.0
-0.06885989807567265,-0.17054896844229508,-1.2216292570777394,57.94157285811514,1.0
1.0979538764674277,0.9719611351441432,0.4546148951043246,12.985233876902742,1.0
-0.7830177797061328,-0.12095194373189852,-1.3364856153434248,28.952297364127656,1.0
-0.5650824933555598,0.6417434350990942,-0.6622584443269871,70.19741277728677,1.0
1.0246588661972256,0.24744843005067385,0.39456597357223727,68.61104208554585,1.0
0.8062914106581974,-1.5877255545884867,-1.362126374262162,65.90276671402468,1.0
-1.1883721835586691,-0.652986486029899,0.5555815172164674,128.55428201006248,1.0
1.8542403805275873,-2.196532965939687,-0.5879112558483488,80.83726434408797,1.0
-0.07941169223195262,-0.2965195864728412,-1.1418100097958994,30.95492934174875,1.0
-1.341248174552398,-0.5516619366821149,-0.23726269787299556,75.96379459564281,1.0
-1.077138451190274,-0.723365754044193,0.3838889742208912,49.563287267904194,1.0
-1.3795743277973156,0.9711118682881053,-0.258156472635472,42.63768966196702,1.0
-1.9411868149039544,0.4839933746931195,-0.4172384764282411,148.1075546095489,1.0
-1.5300695364765862,-1.256747782409999,0.20161326349433037,32.74723971472936,0.0
-0.10454688513126724,-0.3933450603270703,-1.404769820482827,94.56238980035289,1.0
-0.2640810361674261,1.5110153446642467,-0.1391383227999543,69.19673393879587,1.0
-0.2349048326433258,-3.1214286478844087,-1.0538102017974262,105.97423597096687,1.0
-0.0001672419389633764,0.28477104048696483,0.2882523476433059,118.60889320615559,1.0
0.012543951163381055,-1.0671529210666277,0.09918587890560836,24.389384449433166,1.0
-0.006716629336056974,-0.17335399367190873,-0.25273618353785,36.41518054073672,1.0
0.05637762037074765,-1.5155085184206203,-0.9179036958116776,27.321238966939376,1.0
-0.35425374835278556,-0.7760979350333195,-1.5071970451574261,78.45280001580454,1.0
-0.1779300453316406,-0.641077917407376,-0.3376918342764567,104.32163461246468,1.0
-0.6419173596886532,-0.6596617208656385,-1.0690240452425903,32.40036066543484,1.0
-1.663224773502449,0.0747623754234558,-1.2183791578018743,59.65516251178564,1.0
0.3345000380993123,-1.7047936194304036,-0.6811018356400448,115.79643041171126,1.0
-1.4971012884221886,1.1134981159938575,1.050947071965951,34.12893463328259,1.0
2.1920933890861867,-1.1877205491264657,0.1535158844973641,232.1948669661968,0.0
-1.5693191502228396,-0.08382231905591125,-0.6130761323843322,61.74433758446476,1.0
-0.4601829896039753,0.935833976541189,-0.022276652675624727,31.225878678889387,1.0
-0.45692162071915593,-1.0847075488158158,0.039099091221956137,71.38911991568658,1.0
-0.6648576738359048,-0.024964710544951862,1.4239796523631403,12.348297079800838,1.0
-0.8813853761914509,-1.7543543203168994,-0.7663794143828008,38.28569512594347,1.0
-0.6144313237059545,-1.5811554762446205,-1.0600314812387739,48.84799928747397,0.0
0.061301755662028265,-0.39827723206677773,0.8550209462010634,11.288641819078817,1.0
0.03633496514610604,-0.7082640392336245,-0.7155305618446991,75.8123044263493,1.0
1.3706921767633562,-0.5036785957501172,-0.5923215334390093,9.14788754055855,1.0
-2.0816049380440798,0.5460728882812649,0.5973243125171792,4.211716824451713,1.0
0.1729066770681042,-0.3776240711135823,0.24954011650323293,1.5512034838960351,0.0
-0.5880142699996346,0.8643517206198638,-0.0646366082407235,68.67145426683129,1.0
-0.9709410279139257,0.13411625516445644,1.1301865181172355,1.5527467437286029,1.0
0.3777129314817007,0.5389752501954543,-0.738451688647322,11.54907468511583,1.0
1.0694867729039652,-0.7562727349726877,1.588711890674795,392.78701046651975,1.0
0.7019488100370239,-1.5805484134190046,0.9131204006816372,31.50151379988122,1.0
-1.0391861085531322,-0.04433395792328774,-0.618167908893603,34.85444713676682,0.0
1.3885964014325842,0.471148006956859,-0.2558592387742039,168.6556581519667,1.0
0.3218926943337301,1.4380307476417478,1.0005808891570327,37.8072785319269,1.0
1.0096096544033488,0.5206672634243553,0.7603495872984611,69.85077297479265,1.0
-0.6009990550189555,-0.7970899621326,0.8465278128995265,9.610976338325228,0.0
0.5596746390249276,-0.278061843143032,0.2147838334549857,29.71284207368381,1.0
1.3574719632938137,1.6974483360551023,-0.8153821526821626,56.80583493800915,1.0
0.13953558042356237,1.4871622285532575,-2.4541447793324624,9.85905437106715,0.0
0.23131969342292721,-0.181203688240105,0.43818619443832524,14.364293524582685,1.0
2.1615096170619448,0.1419006061989137,-0.39890723677427836,55.136623784477045,1.0
0.21478502462583562,-0.104562611893895,-0.746765321500255,87.70001343280158,0.0
0.03213805153712486,-0.3933824245228264,-0.9663566448476077,46.67079234558895,0.0
-0.6240381439842397,-1.4372281733084002,1.2516732925624061,7.901951017449523,1.0
-0.20185265257884963,0.15954697615135424,-0.7001127549851801,47.151289565087964,1.0
-0.05772016619217828,0.47732820642836526,-0.005903853226367379,8.794946833518075,1.0
0.5588898123486397,-0.7681527955872595,-0.15105328652581743,52.73826773605189,1.0
-0.9235508588429382,0.13411021104779602,0.1893546663040193,42.69790397391415,1.0
1.134758141081488,0.37600596106606,-0.5725985349762971,35.413943321408716,1.0
-1.0963313869060933,1.355775043320534,-1.243607205107102,4.688155754854074,0.0
-0.9236756850701442,0.11046805268891291,3.174888118125855,3.62230366328157,0.0
1.1002117790729076,0.9963830488010899,0.5806696754341863,36.85576399388317,1.0
0.4619564930269433,-0.4252412190789144,-0.864548992771747,11.141864495902706,0.0
-0.1318762289997956,-0.4706571577193284,0.7359946132125769,84.19389338034387,1.0
-0.7591404939276005,-0.15906501836672973,1.3286453013129957,12.048645836552177,1.0
-0.0816927237767966,0.018120036929048424,1.2947013779187262,0.16106565740338855,0.0
0.5266091902090514,-1.5315689540725943,-1.9673111128228844,192.0923910664098,1.0
-0.6426894454207984,-0.5335141118816022,0.6294724726353204,6.360962848534729,0.0
0.21542664285745985,0.47958461550978737,0.28286425198797893,37.58822331026486,1.0
-0.15080797915076152,-0.034749371665381876,-0.6780052404245716,97.92010028123376,1.0
1.6211466318345786,0.19692977059104624,0.4784664275528374,18.448336205339782,1.0
0.6344453444341617,1.3765779940435605,0.10000701191445081,36.273588161315836,1.0
-1.87814016654106,0.5252339048431719,0.447550254230578,19.46381658089555,1.0
-1.1937225177991448,1.4436258373016724,0.7575996648917855,39.83969726068853,1.0
0.8600872602339654,0.28181534135210085,0.402418700041961,111.49659968782382,1.0
-1.200665883894274,0.33534844276320686,1.3240730471452462,11.65521212399646,0.0
0.7656952245440612,-0.038025252379868674,0.7690129325104953,170.80881379847617,1.0
0.9894108061679444,-0.3623655114704488,1.5647964885986572,2.4726626240042004,0.0
1.973745959424841,0.6481522850280576,0.25659781658642633,29.48611230951519,0.0
-0.9258027827303847,-0.1163396068410827,0.6775421086055723,17.774776700372502,0.0
0.7567908556153735,-0.6436097761164447,-2.360425778658594,59.41041609034677,1.0
-0.7590423836784292,-0.269368294584683,0.5047156840544068,23.49988509301428,0.0
-1.3403956893013882,-1.5329002666813056,-0.42061780556850603,79.07905589698923,1.0
0.8253814003364918,-0.5997580277650681,0.3991481490024109,15.11398344167792,0.0
0.7183460895804462,1.2219766954234248,1.7972214996788913,84.58423317179682,1.0
0.4442880081403221,-0.28149994897595376,-2.9449738879954874,43.44841845687408,1.0
-0.9467940514610851,2.1502139453325437,-1.123695370377954,25.026109194582855,1.0
-0.14961289613924533,0.8244539935130027,1.2903276717405534,185.23390583529044,1.0
-0.5647543923444807,-0.06344078104724739,-0.8806293800691432,19.75527324148849,1.0
-1.1467360490485532,-1.6828376860537717,-2.000606124181044,1.4826745496055154,0.0
0.5437898679584683,1.1923530546541965,-2.1042624262284217,88.35263878424053,1.0
-0.744719812188328,-1.0790947770110515,0.9887881502412589,4.4652216934985445,0.0
-0.6182303526250736,0.004154239467745646,0.09588654757425667,31.837715038865753,1.0
-1.6969745685190352,0.5272896860490022,1.7444602449199909,12.81093145494625,0.0
1.5216235385899228,-0.44140730340960527,-0.6615091219995705,68.89154562739522,1.0
-0.546895555335773,-0.07223097167301568,0.004337408957229217,5.923122284128694,0.0
-1.0970594517319905,0.17799232359748815,0.18843831239816888,44.565224722681236,1.0
-0.586772544706211,0.8981789315255003,1.746976348214874,40.12953769062392,1.0
-1.4270652508775983,-0.3450833950420123,-0.6684185065358615,29.78174402913478,1.0
0.7738432931592206,-0.31295137715862786,1.1335792869228978,38.69958884298371,1.0
-1.028088132842965,0.043945066533878294,0.07882398780136322,91.88474876655945,1.0
0.8369252516292224,0.6000861221052419,-0.23661197145232024,76.01231763588427,1.0
-0.6934731584882292,-0.6655362543311992,-2.3324676742915145,19.105309259588605,1.0
0.5542888019993107,-0.2576275680940387,0.6819836022862733,20.14246679320955,1.0
-0.6384828482355026,-0.6864020006278075,-1.3247589253562653,41.101955404092806,1.0
1.3250239775750758,1.6790011478404574,-0.05080152615841422,146.912611298159,0.0
0.25916433427968094,-1.289186916400252,-0.18394054950334054,49.22790137240489,1.0
0.15446477674836673,0.06564129326236127,-1.0590623715240728,9.15625220938174,1.0
0.9036484980499456,-1.209308419742639,-1.0016714452588222,145.34231124106574,1.0
1.7518522659635263,-0.28242162352289324,1.33332362744301,13.416221526785552,1.0
2.22469671182408,0.2353767013306166,0.9788891803322117,104.02581699077093,1.0
-0.6742261693045356,-1.0119280341157355,0.0005486135994852347,9.846628738816458,0.0
-0.9432583741032352,0.7376295956195811,-0.7898216320109064,29.02842712666942,1.0
1.2668572686476938,0.3258799040146916,-1.13700658840773,12.700310056710078,0.0
-1.3234910140508083,1.456214178538206,1.3615345180939589,86.85743783964273,1.0
-1.9031041884485984,-0.24761073595757802,2.368415003420837,551.7302474348007,1.0
2.202684174854151,0.3309809066793016,1.8048026745427186,34.2942575501855,1.0
-0.7986547019510363,-1.1608600689422297,1.547615535212471,39.87179658714724,1.0
-0.276257295625666,-2.4885126165492752,-0.1505918189725653,93.86777393249358,1.0
-0.3975907433312776,1.5958695064867912,-1.172278303267175,95.14119310661368,1.0
-0.030421932472804912,1.1187967508743897,-1.2644341695402936,2.7059161587069553,0.0
-1.4122945883899498,-0.972220498263774,0.8028701707819547,40.9107330579061,1.0
0.5924525320714145,1.041827855439362,-0.04912388823368192,22.859401840043457,0.0
1.058279407259918,-1.6123909103700869,0.8047369050512009,4.589636998039567,1.0
1.0595042477781058,-1.1879657956944711,0.6893956968490353,49.59750846421808,0.0
1.4438847972732298,-0.2831019061220258,1.560357270147432,97.65082026608695,1.0
-1.1507149016044607,-0.4889232880645675,-0.37375611821657595,45.116120350360625,1.0
1.0566994395193063,0.016487421834895856,1.1238262488765836,202.2600591319507,1.0
-1.0424666879163111,-0.38224414725021505,-0.48987998314953624,50.72368623499013,1.0
-0.7845509808572425,-0.10296688527506187,-2.1910948600472864,71.99226348297576,1.0
-0.670289720416033,0.14941427576910593,-0.12419225345319569,40.9342084344064,1.0
-0.14906198765301704,0.08695967959778815,-0.5838430141683477,40.182791405547185,1.0
0.017873485347515816,1.575802318287618,0.9720016073211166,84.7912133518882,1.0
-0.410921216128068,1.5570943966936126,-0.6921109818462061,21.488344583218858,1.0
-0.3554240533100427,-1.6074081857097626,-1.8707616335048534,19.470483274858157,1.0
0.58376667608317,-1.6638044104922107,1.543803008983105,166.0266226022105,0.0
1.0037886736929116,-0.708278024726131,-0.2289565036983562,70.29958695119839,1.0
1.7534028074653065,-0.30941749287873,-0.12388229841703799,44.04978055751779,0.0
0.8730172801065815,-0.7910203860292697,1.8095970685288398,47.39245740840206,0.0
-0.5822066721143107,-0.4383269700876382,-0.8140038183482005,85.35713484381775,1.0
-0.23846912680183943,-0.41576667280212126,0.3171643359769517,294.15651339610883,1.0
0.4657986956517137,0.077327373158771,0.8090466930032767,33.0265657048855,1.0
-0.31992628562183145,0.015139779074975388,-0.9924921953500813,6.995830925775775,1.0
1.158721917591083,-0.26040173713760184,-0.25314308510800243,16.962551735655413,1.0
0.5799648536835024,-1.5925631025992926,-0.34161172921387345,48.32210997940505,1.0
-0.20369946036009193,-0.5424271718008592,-0.9374594915583702,9.996805516624706,1.0
-0.8186743842698001,0.027539957305396746,-0.48347946524901647,14.05769598670229,1.0
-0.16622938135631765,0.3229723627884657,-0.11377053032504297,48.365740506882325,1.0
-0.9876655377275424,-2.3147331207074697,-0.7243124716898183,39.862111498704145,1.0
-0.9221129283340506,-0.5254912792114718,-0.11475074339326374,89.3668222813739,1.0
0.8249576741020602,-0.1337134357529113,-1.536691171490356,75.90640587982541,1.0
-0.6031429002884012,0.3698215804276801,-0.5627159019064136,13.802154225123425,1.0
-1.5895519379570335,-0.647878116591868,-0.11217152983188011,6.449846791546252,1.0
-0.4221075676870956,-0.4831746779004244,0.3871744926675554,67.48417163477471,1.0
1.0452232372875283,0.4385148132482439,0.3037610582887355,45.14683923432391,1.0
-1.0585498661698876,1.435472448778536,-0.2907399559046463,162.6296046494082,1.0
0.43669453201065767,-0.7695913402940612,-0.18473062693327727,16.32372168671934,1.0
-1.6748292444151718,-0.09609311863661751,-1.6762197722871057,68.06330657558011,1.0
-0.325860876696573,-1.2827304227033247,-0.4799275689748506,52.73258935778773,1.0
1.3510145299539538,-1.512020815842759,0.031931587998899974,10.41851645190515,1.0
0.09978923273220255,0.7265161757083497,0.9278417185397796,121.88497541006019,1.0
1.634824100991996,1.2251916444058388,2.094005755158677,13.20049131134064,0.0
-0.9706083029956166,-1.27525819264481,-0.8428635408990359,32.84957694773805,1.0
-1.4794084023175147,1.324537735969458,0.39690151159955434,10.587528047643785,1.0
0.9051664862000071,1.1481104714703259,-1.843914892881987,7.590341598592414,0.0
-3.010263948443772,0.8133188097465243,1.3620189294783442,3.768520770306453,1.0
-0.4271805182336877,-0.6939486215030766,-1.4809227803836438,42.10267025393786,1.0
0.978822927417407,-1.0387121703160975,-0.9667208279162011,6.88233208271439,0.0
-0.524981967690931,-0.6289462930284363,0.5368661417839746,118.3418408482188,1.0
-0.8429089670191163,0.5166652588585542,-2.193600891265505,5.142564285580937,1.0
0.4249815182427343,1.1741121681529016,-0.750524089559682,73.67377244312125,1.0
-0.4786663678410351,0.781799692302449,0.6544882591055226,3.1109520757247884,0.0
-0.2637591389905812,1.887811678931573,-1.1340785614344657,67.13950775859963,1.0
-0.3061467244252504,-0.3222850301208214,-1.642635283901557,78.54802097650165,1.0
0.12564159285611712,-0.21575400939357658,-1.2661143754356854,34.3702428033849,1.0
0.42038648028116604,0.7026797666676408,-0.5186990730163994,136.50186134721486,0.0
0.7144360016272566,0.9138847938638602,0.21992667960828613,39.68554266726867,1.0
-0.31508324123894327,-0.003520022820111572,-0.5689324027004561,72.56628769034617,1.0
1.1357504070207853,-0.6542171264570183,0.6825180285594208,5.298621551973152,0.0
0.08179588816187726,-0.3422512021659185,-0.012774663165805021,11.983722629867673,0.0
-0.8171292700805622,0.005900353377991291,-0.10518783947530726,192.8490549433482,1.0
-0.8840896689507897,-0.04526771755297836,-0.5305151125586032,74.89816522071939,0.0
0.9376029677531603,0.13423468572171737,1.677996279619757,6.4825787240803425,1.0
0.8794235039251516,1.420986592101816,0.8898079847481699,24.235614862551426,1.0
-0.6226842622990624,0.7813583351739447,3.624055498590512,0.03124459209167319,1.0
-0.36043949971640543,-0.2659539941811957,0.02332603886904187,18.061615080336463,0.0
1.7043603376896663,-0.7764304507079296,-0.7896220514572514,83.54752847832457,1.0
-0.5610759436924743,1.5731753390915735,-1.3490950817334755,11.183606671230498,1.0
-1.7310602740195826,0.26476062879186213,0.5974827117033326,17.766896869104794,1.0
-0.10952748074327305,-0.5865535560928399,-1.1819061280252456,21.006953996720988,1.0
-2.292891423651464,-1.1213929232237883,-0.49089189743785,67.5801576904809,1.0
0.062362709007838316,0.8052200137090518,-0.10612153996965,34.06968435958123,1.0
-0.8207017259550813,1.0537174604503892,-0.3986689173536213,143.55845839010618,1.0
0.3283125781363587,-0.7993522393120234,0.18583771396850346,18.23556862972684,0.0
-0.2599939643309743,0.5595894055183008,-1.0196435088621083,30.058890547278907,1.0
-0.17133388878519493,0.022474753125162648,1.4156827193552295,5.473058948406467,0.0
-0.25916505108763765,1.327216023816168,-1.9878284756583904,39.165911358543276,1.0
-0.07318563368302215,1.271215302525611,-0.3390450279210951,126.17548454021927,1.0
0.10191543638508237,-0.5233221338016755,0.7248392476631202,12.16916767150532,0.0
0.1413390596793229,-1.4655434950752009,-1.3889706828856536,18.83089628999857,0.0
1.0431514370993946,-1.7004259053898405,1.6213457964232247,1.427157111778059,0.0
1.9791734159645544,-1.091170496248599,-0.49462790617974933,59.46038739536363,1.0
-0.4994144395965614,1.5684539337653847,-0.4816685825021449,87.4614935599987,1.0
-2.2871049283201117,0.3344896089403631,1.5266138550092792,52.92043161556939,1.0
0.3315503074485086,-0.865988733950649,0.7843219747867075,105.87409201074207,1.0
-0.604921018496235,-1.4320607472592566,1.2145192505883373,232.09942433774634,1.0
-0.04575974583846375,0.3637723986675727,0.16393641072136453,13.012533064875933,0.0
-0.03811065611193399,-0.7117415249025982,0.7740610868672153,143.83815276690098,0.0
0.018187055135166625,-0.9845456543285854,-1.6030803016178943,17.10389742423659,1.0
0.15987040356511048,-0.3830020457671733,1.0726634283366443,106.27907343049753,1.0
-1.325589939288415,0.03831509113528847,-0.42753178540202014,138.42342267858535,1.0
1.83241659501658,-1.0275920062918513,0.43696076195115235,169.24791649635878,1.0
-0.39378285325674267,0.3290772306431535,-0.02131053995096274,22.306096099938127,1.0
-1.1229678003451775,0.4351157124684114,-0.17158987454525754,17.082091762100866,1.0
-0.06619172267955604,-1.6350532541652367,-1.7565316572220997,49.09291239545686,1.0
-0.61645234729115,-0.9600319631389782,-0.05474230974649094,12.306021729098129,1.0
0.6431179568054983,0.691820618122647,0.45669177014247725,6.390875088582874,1.0
-0.07232611054240258,1.7852301329500346,0.7106442129914654,32.946683923916524,1.0
0.7742857705147608,-1.930473142900187,-0.6864362019330833,95.62056857529895,0.0
-1.0695580135089933,-0.14443867954654904,-1.4013302606138331,77.54053971946179,1.0
-0.25783846140813393,0.21798023019057292,0.13177334827278234,42.55036100795563,0.0
0.264343551966896,-0.6994102316088802,-1.0402623348021076,29.847815150860374,0.0
1.0612273770281453,-0.6171302427028437,-1.2276552636859654,130.08713086764644,1.0
0.5882356439292534,-1.1053457431072733,0.33346854122827285,81.6107294933283,1.0
-0.19952198616902564,-0.08842624565807423,-1.7360853132973422,134.41367575257803,1.0
1.4978008767065984,-1.6740035321787514,-1.0218947231848348,109.68224010094866,1.0
-1.1880958838409876,1.4341672341978513,2.183119304600323,86.9103717012653,1.0
0.3288620315321635,-1.5022373902565391,1.0780522669305386,3.3618115336858865,0.0
-0.7116670130210407,1.1727726246881074,-0.8424077595011,24.38550459897621,1.0
0.440367115181092,-1.1122256000226354,-0.7902860302944044,48.15558687514872,1.0
-0.8900844973715655,-0.553316402367975,1.453714727046417,22.727782785511902,1.0
-0.2089485236312709,1.7733315604717108,0.5261639897745292,0.24653463800943104,0.0
0.8771919329146307,-0.653680720131894,0.8079054048209122,98.00781020912078,1.0
0.8456015778831572,0.7321459363678398,-0.4731423276258805,62.40186077031715,1.0
-1.6056190628585085,0.5807622349100623,-0.8451137826642722,23.717991154479062,1.0
0.7149360863390984,-0.7984533075048015,-0.799887638424027,122.37028034812057,1.0
1.5629405924126463,-0.3117105600665926,-0.29691242789889827,65.91577609008722,0.0
-2.002121767312803,-0.27682920620265733,1.0148222236844249,39.24204411495946,1.0
0.8218797701099848,-0.6334953218831726,0.10680980261977169,3.277900437544481,0.0
0.7053004645316443,-0.4766778977888783,0.03720631546791756,22.0192481975128,0.0
-0.376787602130906,1.1487639919451365,1.5777880484365545,3.135204187252554,1.0
1.1447717117688703,-1.742207656856088,-1.0867848527751724,12.47778484935159,1.0
0.3755656792521874,-0.5608669559071111,-0.2707409410799991,103.97013694928792,1.0
1.191630558094741,0.9817686124781544,0.8902235764374856,70.91301676147643,1.0
-1.198579601873648,-0.1675639679411012,-2.1725535763400163,22.358076958884865,1.0
-0.5993571850881972,1.0709818389453358,-1.5714590725506419,5.0744455323620645,0.0
-0.5081439927378348,1.0993110366106085,-2.4569851292560467,33.72612513938239,1.0
0.8153251256546059,-0.7017965427249112,0.9196798270050288,89.4725935628682,1.0
-1.6255128246261876,0.1841111880416696,1.0827557793163995,41.45498335385221,1.0
0.415480049369136,-0.1706695633716917,-0.36281112559123474,101.63483675435334,1.0
-1.0474627045755898,0.7806078283902868,-0.9298460584071014,26.22903404710194,1.0
0.5967037382933648,0.03499033821560201,0.10031775117395625,12.301558066928532,0.0
-0.11879084618409692,0.9427832777939238,0.7301435687017336,46.698286335479345,1.0
-0.6794328373353516,-0.9471298862179258,-1.00881749463161,25.260705482184008,1.0
-0.49553720164516735,0.31324365453064273,-0.8947441942675813,67.30083969075642,1.0
-0.09247524058590459,0.05850202762061398,0.6696450630988651,12.726318539042444,0.0
0.43566043018265904,-0.012380327521959975,-0.22509818762486203,72.82235071655366,1.0
-1.828093942072072,-1.7719685991088654,-0.38680082793073883,26.51495684804861,1.0
1.0777265958147995,0.2440170840078732,-3.195310746240716,63.30940629649526,1.0
0.033576722105971776,-1.21866020571246,-0.7031559869322247,31.327072978556377,1.0
1.1442498784948638,0.33180954873858154,-1.2578876816880276,35.44343455041677,1.0
0.47185745515309213,0.47181344687354393,-0.40312402856623303,11.679960109581186,1.0
1.4202489582701185,-0.34966781808168046,-0.6501699081302817,148.1979709166817,1.0
-0.6570779768898344,0.22313429747628238,1.0662441288301379,2.693668257035502,0.0
0.24842297967764515,-0.7165456997992953,0.8066808431978156,103.37216855109433,1.0
0.22078411236990364,-1.5626647758217875,-0.9822821495918838,12.534209660326155,0.0
0.2564700582444629,-0.7547159532607999,-0.49627410913823683,26.19167595988413,0.0
0.2758074075851386,-0.5621701758635882,-0.34600251014272987,62.83672071536617,1.0
-0.5278464189928361,0.6862559532332039,0.747098593998801,87.22236483039771,1.0
-1.9657648162574097,2.1289272070306064,-1.076235500126947,44.48019078621064,1.0
-0.38103101188932487,-0.7043100475984778,0.617912935914623,5.251794226103585,1.0
0.44591520349019736,0.953880281964739,1.455184725455015,30.884497386267295,1.0
-0.49275934234250424,0.9524799285155953,1.2326293450480927,19.058330676091057,1.0
0.30381720689802183,-0.5514094318406083,-2.113759016829906,43.737950727749386,0.0
-0.6838511353522031,2.159351637297128,0.504926978079504,21.358774214269957,0.0
-0.19115179411511596,2.14470700079473,0.3309176013989183,44.95057479799661,1.0
0.15709118450529969,0.49164314319996516,0.32444375856567503,32.04433864115069,1.0
0.6063226451571833,1.0160201666417807,-0.22777589821873734,144.46839994992396,0.0
-0.21301958026524975,0.11428059720744091,0.5325299108393754,8.646288624781128,1.0
-0.8530273454275377,0.1612668482137324,-1.9239249082814869,46.343212804802356,1.0
0.13003614277188602,-0.4063934499207879,-0.6160580069669066,29.019949708667735,1.0
-1.2659415633405942,2.308462756825957,-0.7872193655004832,2.577520962242443,1.0
-0.6604458553358618,-0.9910101868499068,1.167040169453733,39.16865540866757,1.0
1.2973477534772977,-1.4668378559239934,-0.22324953516041898,94.92175227343112,1.0
0.48964423929531226,0.9733960230019831,-0.7152796781131986,19.926971032685667,0.0
0.7379055584865749,-1.5110193484418695,-1.124374050653478,152.2988375809756,1.0
-0.570433100276168,0.6669308003554721,0.37754806258645296,0.7146667975533031,0.0
0.23414199339773048,-0.8968969634151637,-3.286999529425195,101.40926556225998,1.0
0.7050036610665286,-0.7690118113298496,-2.508809539069738,23.834888070889665,1.0
-0.014508354248676912,-0.6588175862454188,1.2860960687809178,211.92169285363076,1.0
0.42016444469381237,-0.9085250930225958,-0.48661769760535517,22.95499123764147,1.0
0.8364056734020235,-0.18553085463768215,0.9744370853604214,14.99408766433035,1.0
0.5175756521226892,0.11992501168808305,0.9030228751965153,16.134337974143538,1.0
-1.2647891329530954,1.2015874891125604,1.6205793818813239,39.24348925556491,1.0
0.5847245739531483,0.23875835298115822,1.757297193096543,3.5500809723242135,1.0
-0.16532232516460799,0.24218820320823975,-0.12238882665666612,12.788192361305324,1.0
0.4608598531224462,0.7596773612393924,1.2879278056193466,13.528084187018422,1.0
0.04961990239952377,0.711425554331156,0.6166630721009607,1.4283579833943167,1.0
-0.024287659368790515,-0.9484496395028703,-0.7579154304544828,89.0702632430144,0.0
-0.08928823372387525,-0.5481597204505899,0.6270233530039956,44.03205798916976,1.0
-1.2386673726778437,0.26741446533416174,-1.369457172689761,29.06676050733988,1.0
-0.3870681989929897,0.5899940771966479,-0.6446821737419538,26.75082698303749,1.0
0.270394365326546,-0.331570796228714,-3.2506626015021634,86.49785702435642,1.0
0.03137252430582152,1.0770841026656932,0.443364827161909,23.313505648574733,1.0
-1.8697119658329016,-0.049033431210984246,-1.4099834731661318,40.16806164344187,1.0
-0.497688165866974,-0.6696795298752155,0.5365494274693181,66.1675396754344,0.0
-0.5707954841531276,-0.3057084287490139,1.3586559678671424,26.29521686363073,0.0
-0.24366135864917865,0.43082367579298075,-0.24131577060320547,61.46514005350576,1.0
0.7887750349172546,0.6285634815790754,2.422951619174189,76.44465230115608,1.0
2.475252566382215,0.8125184145185679,-0.14131215243303175,127.07665411827139,1.0
-1.4732837506877576,-0.9812483756401665,0.31580602080122616,80.38613106027877,1.0
1.0371144922394675,-0.4812492423524005,-0.1808416451136768,11.662229954030707,1.0
-0.37819988459261344,-1.4430415127654599,1.6334177244223362,49.84609472477689,1.0
0.6324736101951494,0.3493500339351041,-0.9162732211395417,18.01964968738417,0.0
-0.17981117475845423,-0.7101525247392596,-0.7312475443353185,62.12534708175617,1.0
0.1119377896784306,-0.9855596237859658,-0.16336062442274252,75.083591906241,1.0
0.3059491986827278,0.14425677595639144,1.4360936094810115,25.525711810284978,1.0
0.932300060701608,-0.6708343958289166,0.794193880168283,138.33036999775544,1.0
0.12106166072540647,-0.3116652881310513,-0.29131714490306454,34.8813357441098,1.0
0.8851765809251168,-0.6688712193393055,0.3372759967527369,70.24482998568487,1.0
1.2849055489997299,0.03685015677044805,0.41025925469735175,8.029958680415433,1.0
-1.6136641409962862,-0.0018935417837359957,-1.2893484326166287,72.52803346311465,1.0
-1.0379734587628469,1.8303302212867685,-1.5772552822511188,3.048532447592116,1.0
0.8487652772667714,0.8085439593018379,-0.519475219719708,11.573107060185032,1.0
-0.31080454100551874,1.3972090595707156,0.10716366383936111,64.38107525778067,1.0
-2.328523833482726,-0.23405841671576263,-0.5959805654642015,0.2687847656840937,0.0
1.224145271584158,-0.08639488107918143,-1.3874439229241156,0.16894753362467627,0.0
-2.273391505287007,1.9781429949134337,0.6126959835786678,0.980139075669652,1.0
-1.4539299349931332,0.3413035091973124,-1.2709198019177848,9.013478646878413,1.0
-1.0216295131845803,0.7423124891454075,-1.396913517834118,43.72668330047738,1.0
-1.067119650331738,-0.8458302621824041,1.0713771481921746,4.86280994618908,1.0
-0.9272606978185531,0.6305260487208559,0.9764572555093888,42.45142856784819,1.0
-0.8908654524442637,0.9787195262695025,-1.2429741153501892,25.097837775314815,0.0
-1.2836114973025112,0.34898505846732963,-1.013944698539415,8.216790051760826,1.0
1.1597237971501246,-2.3797679578715494,-0.21324669773553934,92.34761525518235,1.0
-0.12373820679470482,0.8595013720058742,1.657863558899881,45.01849722219974,1.0
-0.432256612854342,1.14606557580824,-1.6414177023627972,47.79088353167496,1.0
0.09427806118795089,0.750797919893233,-0.6119915019264437,25.671415235170294,1.0
-0.3756425793658515,-0.7549357157439708,-0.9830035849297305,47.934221082453064,1.0
-0.4081603348907672,-1.7128164475244236,1.0593227262889306,2.2223732978543365,0.0
-1.6471968371195205,0.14242876492141196,-0.3170639180511547,14.173217589034692,0.0
-0.6406656801073389,0.5138419537520332,2.0819694547750833,23.61340175473868,1.0
0.053506463758059904,-0.22088316648648804,-0.3801160185263836,100.2381622656807,1.0
-2.4318791965720834,2.11142908132362,0.21868523869157203,40.258500920043254,1.0
-0.4410056965290498,0.09768929401737486,1.066358789177539,12.098650837411105,0.0
0.001627366880909927,-0.6626660032258975,-2.1993640515400146,16.615275306079326,1.0
-1.550162977994134,0.20099824809370417,-1.4070961783677578,46.981800074204976,0.0
-1.2416379486457712,-0.03777022356167902,2.0398098015571535,207.74296775778484,1.0
1.4329222302053872,-1.2871587722376046,-0.1108911349455024,62.61923163341303,1.0
-1.1592923690877592,1.7328825209981227,-0.4823628093704186,104.87355065639724,1.0
-1.0097931980689276,0.732699337620118,-1.5596971674695828,58.48853091333468,1.0
-0.5585243423748736,-1.1679650544626856,1.4912774618402034,73.11451454630014,1.0
-1.0351201248721622,-1.5509589190100217,0.14742681707897173,70.02907021572092,1.0
0.015743619143222157,0.5395048511725498,1.3468923634845258,278.37634756849707,1.0
-0.06331649650516391,1.54299214483993,0.011878960824818065,35.73219409920859,1.0
0.48790713993803503,-2.1912136319894837,-0.38572349689156094,4.709353582843438,0.0
-1.9461471137247661,0.8550602439549434,0.7881949317644636,35.50131508280519,1.0
0.3828809361722655,-0.13480863257892237,1.1665736986631925,91.60919199598189,1.0
-1.178703322017054,1.1252205550687686,0.6087371241486171,110.41705018737069,1.0
0.07565370099141831,0.006670110079245307,0.9781017118313714,26.442764983285073,0.0
-0.6566377964357175,0.09070941593069129,1.278438076328817,5.602645341467955,0.0
0.3179950501241606,0.4629688876766311,-0.37551690767050633,1.980549555462088,1.0
0.5684461578231519,-0.8742662576132365,0.03821186619129249,124.14067995266933,1.0
0.06892049631722962,0.1462533381932448,1.081500049542199,32.32777634075012,1.0
-1.8870817895113015,-0.36641314988220397,-0.9242685213195465,6.485802979334094,0.0
1.0102303704279407,0.7963025643591687,0.3062407662653595,87.80701819870994,1.0
-0.1456579706398061,-0.423490122781655,-0.5748476320429177,106.52848311704358,0.0
0.2791954048894233,0.4848768578011865,-1.0336438182738261,33.82936307408427,1.0
0.5656939256487961,-0.0028655405143468865,-0.5843928866676084,29.821083395406117,1.0
-1.162788920348115,-0.4241313901972947,-1.1586942344148032,33.90276662737529,1.0
-0.20928929210766337,-0.8193516417876763,-0.1221835016996549,23.734301782435875,1.0
-2.5339645050961663,-2.0076753555477813,-0.21033156846102075,0.7264417064186992,1.0
0.3164619866178542,-0.09581551465289072,0.032333475229603045,79.39737645147912,1.0
-0.3850921546812014,1.1645237461078852,-0.0010530318191151681,0.9962893311079842,0.0
0.4019669721765383,0.84404484678231,-0.19275620280725997,37.735002821563135,1.0
-0.5732585541289328,0.1629890463490844,-0.4849271492249139,4.530455509192302,1.0
0.43172967216170793,-1.1188748116019136,-0.5313665759835241,8.920761326539518,1.0
-0.05865111269350398,-0.12993972131556866,1.3048707063700216,22.009225338777473,0.0
0.5326932356302104,1.0228920175096254,-0.4606461240242517,4.805511730940381,1.0
0.6147177695342028,-1.3261488235845167,1.0416835555226627,33.91985850457647,1.0
-0.4589477421532949,-0.23430586549661586,0.05178509687142112,50.828198187728646,1.0
1.0352192656701231,0.3596355744959882,-0.8102674283682244,106.34578733882178,1.0
-0.6437481207682229,-0.9530478225139102,-1.045785390253069,16.881102029207966,0.0
-0.2593438421185564,-0.43767272821388414,2.109583250358468,77.32504407012703,1.0
-0.9546235715757545,-0.7001967360973745,-0.20831008342878443,14.362466792210022,1.0
0.879301988105186,-0.8559045253148874,-1.4139452245490352,32.246955124201065,1.0
-1.1376211265878984,-0.5585069473519512,-0.7525653216518279,3.5042084465323744,1.0
0.830131678438207,0.8980048159176458,0.3424825909096252,29.756019816220892,0.0
-1.2097442242458831,0.13055012734412627,0.16635441339651744,33.05686527604153,1.0
-2.2978594501926275,0.8922301541955409,0.2855716350506861,16.229846415738532,0.0
0.4375230016711583,-1.4179800340772917,-1.5542830464297661,51.31643809027818,1.0
-0.6239602455059732,-0.13353519935906374,0.06949003095590406,40.50205487613622,1.0
-0.6525842375554357,0.22332061818222185,0.9976638880143994,64.80152436216342,0.0
-0.6821915283995214,0.6844671500246127,-1.4370046189727834,79.29542672559377,1.0
-0.1493819826080001,-0.43209012878798103,1.3630484473211144,80.17223754536717,1.0
0.3830114180181963,-0.705281573167801,-0.3176683334291816,25.361496617075254,0.0
-1.0540841948871305,-0.728539077858442,0.26445505974873135,8.891513121973151,1.0
-1.4540673830222763,-3.4923707483498503,0.6373091920632014,262.2166699345263,1.0
-0.22869595413301505,1.403362930981347,-2.521595133637452,67.39813448759412,1.0
-0.4711920487813138,1.0460501282148942,-0.8601052055882151,12.524383431347202,1.0
-0.9630753493474197,-1.375275349223366,0.050005492409965095,34.43038787876973,0.0
0.023465820590512453,1.3853545994434633,0.10734268467753168,26.212323380285596,1.0
1.602960415015288,0.204320618525489,-0.5989543029617905,7.635048964695205,1.0
-1.267028382977885,0.5397497666725982,1.6186489834482736,100.97910835959823,1.0
0.4322026758564026,-1.9548064591568177,0.09128416463662604,86.1674827017609,1.0
-0.16217315034114257,0.026438445453638524,0.4623759703368756,35.11978647796289,0.0
0.392555795160133,0.013632353121750974,0.7195212564505332,33.26172856919329,1.0
0.7679202246779736,1.036702505158939,0.5359443042211367,18.966730215468797,1.0
0.03687502174249582,-0.05850027182817772,-0.7924483997770275,33.99109792065445,1.0
1.190495594467425,-1.7919922061404632,-1.006731845896873,160.0355935479288,1.0
0.8843738480417941,0.024345395519067094,-0.8695962511323737,14.970445744661525,1.0
-0.1557753782212997,-1.332692336574157,0.18253712873459804,57.0633025870189,1.0
-0.22178261837215837,0.2766994508934487,-0.15994566052047587,133.21791925414618,1.0
-1.0815232982400205,0.8591479885744159,0.5108798504415751,47.98995742861817,1.0
-0.5454122855774333,0.7128080373419513,-1.8701203095491403,61.81076780575782,1.0
0.14250437149856707,0.34109032854264776,0.4594222168656747,24.66347650326816,1.0
-0.3190657780980584,-0.5819936569095507,-1.4133975959742948,30.303117605208012,1.0
0.23620797159842669,0.11283199129319704,-1.387564244841128,19.824236981715657,1.0
0.2477863135567823,-0.5101378389399953,0.028402216560783792,109.04128949021442,1.0
-0.1793532336352477,0.018358501444220875,-0.011227196141950424,21.245093585157978,1.0
-0.7581633012113558,-1.1518369016279941,-1.3942203933503095,73.011581468915,1.0
0.07665060028257488,-0.08010160485624414,0.6654723645654382,40.63953704234221,1.0
0.7205922937681283,2.346637077489391,0.6173605392900761,16.264963961773237,0.0
-0.08548632772759979,-0.24156530497986303,0.7811733242111031,18.391146239425773,1.0
0.28260893521865804,-0.041233125325750554,0.14100886079966815,15.985772443621384,0.0
1.0389150992860745,-0.9654331621502413,-1.3375755365836488,163.92789056466592,0.0
0.25727765302158734,0.6080555978694613,0.3659673232833933,4.529476552247849,0.0
-0.7325403444466435,-0.21676484891263342,0.32718208844274166,48.85338468578744,1.0
-0.8718733980008451,-0.2895251250217228,0.9228016641801515,46.553573267081504,1.0
-0.2819894112044864,0.6039987397529656,1.4493731158353278,6.866207990828616,1.0
-0.11436892433114754,-0.3664471989738173,0.8518940891331512,13.096432640159238,1.0
-0.8014521905526275,-0.3366184366250803,2.0621260908491355,59.28973936479883,0.0
-0.3422699740358605,-0.3033698836474735,-0.718826301207682,75.70614619403936,1.0
0.20188185661482627,-0.1164504445844301,-0.8473789265674552,52.916198284992284,1.0
1.1560869394885622,-1.1838797807806638,-1.8841941915942908,28.133916736199847,1.0
0.7513913004399293,-0.4273798042252686,-1.9548834036661706,2.6212691984678544,0.0
0.8492100979617605,0.8904828715902756,0.36764251486791705,96.04039219368936,1.0
-1.5829012131163096,-0.03639928413737749,1.7266058442642338,121.08464692914423,1.0
-0.9064932663051436,0.08570395929150257,1.1719836268352093,287.6963097803463,1.0
1.2633876135917814,0.32330483280514555,0.03541219109907751,100.1928485932195,1.0
1.984197180863709,-1.4900620115894898,-0.6646953017401628,74.72608306056622,1.0
0.4720513051581976,-0.10904587011689336,-1.6174177722521603,35.33432169275404,1.0
0.46912616020118475,1.2829095714426797,-0.0540644084271083,4.567614353788457,0.0
-0.7902208141132893,-1.4968888353972258,-0.3071285667108298,16.689724011980864,0.0
-0.9882428983601631,0.4451360279937093,-0.7758654224643111,2.606859703783581,1.0
-0.04897101834113615,-0.1987753737605722,-0.618994547793916,74.58180949771602,1.0
-0.0160982043721864,-0.7351428091660853,1.37378862632444,110.95749459865135,1.0
-1.092250882863497,-0.2102735877031383,0.4897075117684085,122.80998707208595,1.0
-1.1950510896116007,-0.843143228095626,0.8617679495434394,22.546735196657345,1.0
0.48729090850439627,-1.6432737177400372,1.0815583973344423,86.55388380374809,1.0
-0.5339489548268272,-0.214136732728692,0.8513318975153249,14.848249398274115,1.0
0.33722664868805535,-0.6149679296823686,0.7707414488936288,44.64587022791182,1.0
-1.5674653492932746,3.3518905178332736,1.6198335787314186,0.0013054720776707893,1.0
0.8348771918124902,-0.20170129317565755,0.34292129388821524,43.77999422531944,1.0
1.7626763342257643,0.12061914666557762,-1.379606152155494,98.93657544212866,1.0
0.24016625525755325,-0.13890154937575822,0.92083274796227,1.3516677962253918,1.0
0.5893303988082502,0.4171601681082049,-0.18368669837914559,12.435738659252998,0.0
-0.0350944431773647,1.0108748424328047,0.11554769992845944,19.37525579632341,0.0
0.40780152388784224,0.6232499299451438,0.5270986400843837,72.85501307822585,1.0
0.49679173694791334,1.8337246312749937,0.10725897347261767,64.23551626241363,1.0
0.9450455480915886,1.840275819551007,-0.27102167115307824,29.241517482751984,1.0
-0.5227665532043867,0.46359706654408694,-0.36261820610570455,4.4059454650152245,1.0
-0.30304378338996285,-0.5258596944661683,-0.31682991253260795,192.04621764434233,1.0
0.4917801133548756,-0.6369014438935822,0.023466142319698687,62.72236883022617,1.0
-0.9209772461495568,-0.021555713003827654,0.056806008797695706,15.700852128483564,1.0
0.971719537790296,-1.4963162801990393,0.23027719764135557,25.174692981543963,1.0
-1.196684809540009,0.19232292820711433,-0.6604201025841201,72.31670845437519,1.0
-0.7234453100783055,-1.6287700459396974,0.202351220813193,214.69965619160433,0.0
-0.5370939933727423,-0.6505682960547942,1.3401855298158825,71.72266794858994,0.0
1.3958056645209431,0.06134949044017717,1.6763215514388772,18.59727051889223,1.0
0.8649804590284842,1.7186367967982796,-0.993897165471935,74.1015798804659,1.0
0.31465037081281677,-0.43460525682650636,0.339417145635708,74.71624991266577,1.0
-0.34764945216752785,-1.7986325237927507,1.232950652861973,540.1776536602277,1.0
1.257124909635917,-0.04546319474754851,0.8350124847771696,112.29589715262108,1.0
0.3903046722680434,-0.7273947808639531,0.07362039420854152,93.5022900289249,1.0
-0.6051803571890354,-1.0682554178651906,1.3583102871480979,10.74113640661532,1.0
0.16278959795153874,-1.785504672609567,-0.9550058998638599,47.31998553125721,1.0
0.6473310867223844,0.9500222069114772,1.098350633607419,130.73938456218258,1.0
-1.4033421005689233,1.351392298385131,0.40705539870417606,15.881665264128209,1.0
-1.2154344307278073,-0.4238711049864876,-0.7389603454211923,35.83407002598201,1.0
0.4134452320170255,-1.2071599995744038,0.021394605422513698,104.3987781776371,1.0
-1.8214565897589772,-0.3847271617651074,0.05627709043285143,0.4158846797164044,0.0
1.014385934878093,-0.7778043699238807,-1.5488135493397217,71.50144780048326,1.0
0.05171194521914939,-1.2260193763862843,-0.39363083688064304,9.60492028519003,1.0
-0.3801272589656297,-0.921114367768066,0.10633441268296046,0.12717913653756194,0.0
-0.7976803220727573,-0.7862528907337122,-1.7269690669559858,78.27399105937305,1.0
-0.2391226383758301,0.335149612698875,-1.577571391415061,33.203332342651215,1.0
-0.7573546875121169,-0.25766756046009254,1.0077367076309443,157.92444981767585,1.0
0.44292016468127704,-0.5421779982893065,-0.3835226414220053,63.67661755300144,1.0
1.3664100897097968,1.0893182982815626,0.5919445258696536,110.52660082724383,1.0
-0.16477551519498854,-0.22178225974222346,0.7847841689923997,101.2944257081155,1.0
0.5014932486552611,0.6514146818568797,1.0059695245347695,79.81359154013298,1.0
0.23831619253358055,-2.1733030041719266,0.6513099359240428,28.35299241765205,0.0
0.33106761253993394,-0.2673079321244277,-2.798242921537335,62.12113752972396,1.0
-1.5696374111088254,-1.777670120442586,-0.7112092630227315,13.354511508175909,1.0
0.43812126383227484,-0.5466326357282847,0.1470241609026049,64.6565071342102,1.0
-0.656708031274653,0.5241554371473611,1.015785821292432,11.328647517478224,1.0
-0.3532986618784701,-0.5485360216987168,-1.0049894061697573,22.7921683938394,1.0
0.80902643368771,-0.23827053721619032,-1.2201845812642953,127.63591736562014,1.0
-1.2103990554812833,0.4246896802073306,0.49650587881778196,11.948926255349816,1.0
0.33366736719955303,0.7994861944528255,-1.2035344781227826,50.948226217264505,1.0
1.9293643044726834,-0.40490020267888244,-0.6472706591308178,197.27967099672128,1.0
-1.82718349601007,-1.6046987134999915,-0.314910063490266,41.49158666663289,1.0
-0.49245523270990155,0.6165822110197269,1.2307132085757868,4.852833790665275,0.0
1.4224698021144788,-0.6317607612179343,-2.2290978302083624,88.88545699013481,1.0
-0.8304855347669337,0.4199586176153003,0.023431357398553513,33.908438840965424,0.0
-0.05121507029740482,-0.6423924939506878,0.9224271017030838,230.49043611729974,1.0
0.6283170421482468,-0.6884966778797272,1.6538448949063986,42.079861000853654,1.0
-0.5749880405425115,-0.8693346013114918,-0.9623767609623188,151.16460130361506,1.0
1.3240197476134827,-0.32934853250845153,-1.9884983594823888,106.42518132424058,1.0
-0.10941753844140105,2.2826053677641416,0.05454188503369685,12.294011174416452,1.0
1.5475544989363812,-1.4881027601945636,0.8016556119218933,105.50632298567207,1.0
-0.3061194920820592,0.404092269409525,-0.374265709163217,47.21443809560546,1.0
0.45660703922446827,-0.44881085079442085,-0.12412882873650809,3.1669579650075095,1.0
1.1060476321684598,0.2387699147665076,0.9254165556321726,40.79907247382882,1.0
-0.10155533493319885,-0.6014469055068498,-0.703809897250002,29.520632491080757,1.0
0.5418563723983634,-0.07179799015680428,0.7831368660934175,8.596527278929182,1.0
-1.8563619137949834,1.2152506397975074,1.4285258370275171,8.605884455422471,1.0
-0.2965319935398072,0.6548047485466911,-0.7991070378342671,83.15984276637488,1.0
0.9037849828970197,-0.9115847666241979,-0.16590847186696292,17.679719937240336,1.0
0.5360411354295466,-0.6489880126237151,-1.734953552889011,68.64051477208942,1.0
0.7398026891500807,-0.6854423142369099,-0.6966282040136873,118.19409136836096,1.0
0.9475174913605766,-1.0915456603916602,-0.9911107893156069,33.566470575363525,1.0
-0.5724439112708667,-0.26039707418181807,-1.5286108496854418,29.154151044620495,1.0
0.4373001688067578,-0.4237614951159076,-1.8430172156407152,19.296538758604008,0.0
0.7204011590885482,-0.801858838062601,-1.3334483441290472,41.501828846505305,0.0
0.3299083201205409,0.057766091867722975,-0.002775595445415849,146.9051471930953,1.0
1.7273036346553063,0.5005936480958021,0.08809002229378672,49.366110038678556,1.0
0.9062858795697278,-0.44597016208019175,0.2389023400798923,196.93802981766336,1.0
-0.5436582982436838,1.572523775646263,0.3549484040942241,39.038842173648526,1.0
0.8759444412947159,-0.311621679439665,-0.4775612472243512,53.11187998002073,1.0
0.23096625118671427,-1.467809394344538,-0.3827561536025683,66.75336683843226,1.0
1.0268242939049577,0.48576291477732886,0.9160922578483661,19.78405799880548,0.0
1.3807219523401026,-0.5119274865732112,1.6176502543267333,40.33275356198671,1.0
1.2557560247100215,-0.5292512151054815,-0.3674411845801212,61.371730746663225,0.0
0.4050720155901835,0.3607294957755875,0.45856825023566605,6.195162792809576,0.0
0.8241983431899595,-0.7153569725476027,0.5152292036540111,58.49684730512183,1.0
0.9345492964922784,1.4918072770579416,1.819972772929946,98.34592718168666,1.0
-0.1672983198200563,-0.42465323818692424,-1.998347190541553,17.580734615971537,1.0
0.07358550632338008,-1.3145886836392853,-1.415018230413208,86.15583232235592,1.0
-0.28255305297742245,-0.7774522483225298,0.3130179529113254,61.930804569934885,0.0
-0.20027608181849682,1.4007835721443664,-1.0817176265741983,8.817728747560723,1.0
-2.042877198937897,-1.0935154246506238,0.04865848129070231,26.392242320123454,1.0
-0.4879096034578222,0.8376917695423477,-1.1068650558080908,92.60919446273928,0.0
-0.7533132123669953,-0.43266968037179837,-0.26656567695583505,1.4422608841716047,0.0
1.6274485825710008,-0.650575530944428,-0.4836104351273396,136.58217945125605,1.0
-2.5054163805669445,-0.2712845752379366,-0.7687939908794856,0.37046096242302,1.0
0.4517754602468861,2.7438582137638536,1.6845461017110042,5.755529996898984,0.0
0.9102107768137436,-0.40566564449416465,-0.45745430216768934,65.2857203298948,1.0
-1.1770321136139867,1.492677000437446,-0.6000686748545996,15.745793365694812,1.0
-0.506065611766551,-0.1140255695827407,-1.4096862212272812,114.92897109657741,1.0
1.131040778376481,-0.3353045157784074,0.1535990069644973,155.0130892586725,1.0
-0.7661309996242517,-0.726748312046627,0.470121648452451,5.426249555507217,1.0
0.07247656959211018,1.1643784956455732,-0.20783076086293412,30.54569914152782,1.0
2.1259209250510036,-0.6606546166918584,0.9764485112078178,157.76164285016293,1.0
-0.13290439504320187,1.1852323514250023,-0.20722144112434443,65.79099401325175,0.0
0.8668255915652455,1.3178786832278964,-0.33406805197004563,69.24371781999297,1.0
1.7248047090695018,1.5320701862218356,0.3910560601387986,63.74941967706562,1.0
1.254205051367625,-0.4812389655257133,-0.7602375443090168,52.52102867963002,1.0
-0.7301186243072693,-0.48617948494384505,-0.7331662074017419,0.8404701180290769,0.0
-0.3395432890774179,0.11917260089402143,0.6895943563130787,44.737868982480094,1.0
2.361675650810173,-0.6056953906148739,-0.8642671277967591,49.44720423764863,1.0
-1.1366212131280127,1.0529626600975674,-2.080774762999362,34.626459416269896,1.0
-0.6285863972438994,0.5672192295644226,-0.24252973873462674,1.0193876132070745,1.0
-0.5085534664519414,-1.1299160478713965,-1.9301857981998167,101.62907447615198,1.0
-1.1063359382874658,-1.4128828237533513,0.014982864006898406,3.345561677085823,1.0
0.467279347975472,1.668125525634723,-0.5635703898577666,26.681918658848794,1.0
-1.1734375395901486,0.41226620232767064,1.969713022883559,54.05704082814399,0.0
0.13671985120194627,0.0909217299487142,-1.614142875875722,109.46793357276462,1.0
-0.5482191729057634,1.6605321661417674,-0.27781650548477477,18.23785334618898,1.0
0.4787596913843752,1.0296480984873284,-0.8742481646458289,21.566954708140315,0.0
-0.7477097077999795,-1.370548472162045,0.774156793389107,17.901503392563953,1.0
2.0532468416196274,1.2924990254759066,0.26149185669975633,61.93178872970744,1.0
0.8503965441451276,1.5552332051693767,-1.4917504537317368,63.219318851900944,1.0
-0.6516091630011028,-0.6005421397568966,-0.3319117035826509,17.36276994098972,1.0
-0.5510162089700914,0.4245038109440448,0.4908558264400914,44.36700963132929,1.0
-0.3279011578187192,-0.9815112148629616,-0.8784981895425741,10.089903295510078,1.0
1.3176069999747695,0.02639621618830613,0.16154091476922774,151.47139872891972,1.0
0.7265597810624869,-0.6001790244215929,-0.30408069650146924,90.42536969991895,1.0
-0.9200309589019334,-0.3539790504155178,-0.8490054931732496,9.378821860591191,1.0
1.1805671156046627,0.3014765875552503,-0.5773122139372833,177.71772936339946,1.0
1.1859594770431123,0.328697661502836,1.5266797690154141,64.69390689995001,1.0
1.5815369830576456,1.0417179957972211,-0.5591484210780671,20.905628912302515,1.0
-2.2039514478366256,-1.4145622788343586,-0.7252935174314706,16.831700799461373,1.0
0.45041951425621496,1.0575259509823975,-2.654407863780891,98.00399811191969,1.0
-0.15192698715653805,0.1415660757502015,0.5568061791122333,16.82206984013241,1.0
-0.355803283655671,0.5485838504269718,1.1098983468708277,2.998632428267524,1.0
-1.256583917792601,0.07343687331972978,0.06536606566245405,17.29116259837952,0.0
