x0,x1,x2,x3,x4,time,status
-0.04644374234840076,0.21166192888515778,0.9756544779978242,-0.1418053281026599,-0.7142954827466039,136.09689464650913,1.0
-0.1824654149632936,0.8491813327795816,0.5523197707577703,-0.24299789724151677,0.20835448105393395,1.0567888753717989,0.0
0.691904772795148,0.9012322984700081,0.979905964885142,0.9456744481963859,0.19781693506928422,17.827280221323253,1.0
0.8628337027462731,0.956138801737364,-0.006074245529264832,0.07473654033602317,0.4947142453587434,50.06275932091627,1.0
-0.5884205251975452,-0.04081123699572142,-0.2800994059627506,0.3910339421229152,0.44975304663530435,0.7536670703102859,1.0
-0.0692848917738691,0.8879725563583387,-0.621354495189141,-0.04350211243236779,-0.3840822466616942,7.775652984119228,1.0
-0.443171844282217,-0.7954719423750711,0.7378086836410593,0.6777103111258265,-0.11822810831533936,21.40636032568284,0.0
-0.6655753328626355,-0.515728144780236,0.06318026782195396,0.9288000751659433,0.5024205738984158,44.128114268516434,0.0
0.8154121678126718,0.28864130415575207,-0.3778699915549639,0.6369129640627926,-0.9424741738882267,12.300033021536057,1.0
0.9638306781657764,-0.3906881960793027,-0.7762514376766687,-0.5389496008337895,-0.46250087243088545,3.313169203999259,0.0
0.6020483394114355,-0.9581484543007304,0.11384893667546425,-0.29122919027744265,-0.07287321208595499,109.72111819000699,1.0
-0.34448269943893917,-0.8000288436238874,-0.3776522418958337,0.6817025313924001,0.09966643739886472,75.44544773698716,1.0
-0.6596216471562633,-0.8225629285946274,0.05734378264065554,0.9717365451077133,0.829739339283682,15.500289931187613,1.0
0.04600058517971006,-0.008877469311474373,-0.5696510376188517,-0.06586393464919715,0.007990701000421208,60.47248438074816,1.0
0.2867846894545778,-0.12905506389206067,0.7536597088557688,-0.7796649889065663,0.9974373729979549,7.347260264134667,0.0
0.23377663843269847,-0.8225442915644812,-0.9559970746919815,0.15203787250930612,-0.8297317093742056,227.2345917762019,1.0
-0.46071817015328165,0.3135713944162959,0.34554583475769785,-0.2515059652931957,-0.3904162682653116,2.3400617363533525,1.0
0.34324359126132187,-0.22976191638581334,-0.9150330268189668,0.04803009760467036,0.14570266937300014,25.668909870400814,0.0
0.8117920688251405,-0.28490168352236256,-0.7592404495571348,0.39996204008206626,0.4513765936654468,54.74503426461039,1.0
0.19009112503841408,0.40056402175438355,0.21018295367144968,0.9180722187209356,-0.8968264714919443,3.3365705349353845,1.0
0.08739897284630782,-0.07991823589441616,-0.161372741650458,-0.8534274501686077,-0.3439454937456552,72.76955596116333,1.0
0.19562604224065994,-0.6635919611478129,-0.21453043246631176,0.3589349300968081,-0.5045739771403424,71.00590505245479,1.0
-0.16811446313577894,-0.7909614815310069,-0.6940914818443997,0.11788296750483807,0.413458361049289,27.037138022593826,1.0
-0.30211281576432447,0.07486687038854956,0.21725512452708617,-0.6861276704190047,-0.2709642381087234,23.04296091640268,1.0
-0.08951702799490846,0.42681917771503275,-0.16639146697630003,0.039278787037672735,-0.4879027484340812,91.59672314887449,1.0
0.5482444572058438,0.702993298138763,0.0815742858679609,0.7114974147397515,0.20818134287929824,47.62953000277419,0.0
0.3761837501499139,-0.21469933667618157,0.960358258103835,-0.626523002422861,-0.7581351720911773,196.83881738511636,1.0
-0.8699500677685315,0.011806848145635929,-0.7040295426771481,0.07495190403672058,0.5856083675676174,33.35858110945538,1.0
0.43214299268983325,0.22862033393880554,0.2932445674581883,0.8299164277699331,0.4846031583519006,15.959516801672729,1.0
-0.062407187608697345,0.013967669869845434,0.0017118596170833111,-0.14018036639430598,0.7677918417620195,10.884415047883092,1.0
-0.7739902928445646,0.8641170797560593,-0.6023570628233461,0.25626982594915493,-0.059300166728226245,21.27666735179812,1.0
-0.20421578299552978,0.7869511246430834,0.8072429224378126,0.6765325062956706,0.09258968364452369,28.627527363141674,1.0
0.2844822584469584,-0.9351821980596273,-0.20909559320208082,-0.9069995407615346,0.0208051791073407,91.80011606904256,1.0
0.46821569567051813,0.8096806163700234,-0.8707836659844608,0.6914392108651033,0.4974352854174773,1.43984193558405,0.0
-0.5444482040273122,0.16969569752912972,0.7523037616373021,-0.8615103495879515,0.3410859523658103,41.88520905454709,1.0
0.069553444948943,0.4102304876766396,-0.10967064224506617,-0.3851819107646224,-0.3718163042893261,8.468355355242462,1.0
-0.23879256942132354,-0.6948158364500929,-0.11303013527907235,0.31772582092285706,0.4965060196841573,111.34493763635481,1.0
0.6329224428510238,0.46058547688913865,0.494771455719234,0.3440365137149848,0.6360047443386789,45.11527865712346,0.0
0.12996411791262297,0.9174027116478054,0.481562867676796,-0.6973905709519237,0.47463878463865483,52.95263570231364,1.0
0.49001895031947207,-0.8942483377747592,-0.45626518068531907,-0.0008616186313883389,-0.5564815429755039,146.10856197736797,1.0
-0.38181108121654606,-0.5261070749935659,-0.648955615209476,-0.6122017905908839,0.14096974514015592,35.7921003301687,1.0
0.19033040878095742,0.6600947868736939,0.09102378520126142,-0.7000639889588989,0.2243572804166627,25.71342782694744,1.0
-0.10558486570905101,0.6186639630269193,-0.11038553368891635,0.9486945485991318,0.44094605998462955,46.60006159151988,1.0
0.10047147637074771,-0.7827101812782609,0.010182229930931541,-0.4982373596325391,0.8270116091207709,13.765570577485878,1.0
0.7771940717598311,-0.6725264571016276,-0.0009765068234128815,-0.16716829037057113,0.1371431438066424,80.24116542689124,1.0
-0.42027362437848925,-0.02303486652643638,0.3423693840587101,0.9616011622799103,0.48209372270410333,35.244217603280504,1.0
-0.7692717690888626,0.27354579537714785,0.13074563622289848,-0.4570218392685048,-0.846279284439903,44.66111367156957,1.0
-0.39924614575571127,-0.5804624270424099,0.5605834231621891,-0.29579934916566497,-0.028025961185859982,15.933904455063523,1.0
-0.8028170984283742,-0.21196585714909166,-0.701383341858455,-0.9447811722931676,0.7211217588522973,45.94103349213114,1.0
-0.13552128787256534,0.7382073592733613,0.10512497003730581,0.4260315666732264,-0.25042707727339075,13.196859083816129,1.0
0.8232498652460531,0.2872254552142961,0.45078842632733673,0.2545826629745813,0.2954162497947226,166.82081469409036,1.0
-0.1328837672023091,-0.9564122011343046,-0.2563272652264985,0.8472214878382047,-0.42340406801185626,21.08955445506009,0.0
0.3658870279674742,-0.9749447213740705,-0.8627308910694049,0.5916665793414215,0.680075666476174,8.59024801140408,1.0
-0.41876182839483245,0.06650740103785457,0.4387843183603921,-0.8969497582410653,-0.8668184627713613,44.837968258364995,1.0
0.7614619923330499,0.5176003130083071,0.8846710928114654,-0.561462165289915,-0.17220551420419095,3.1057908488051806,1.0
0.8012783725389561,-0.5344380329271547,0.7863880564212207,-0.7199579200511277,0.21104866804535227,194.36910201122916,1.0
0.8132821471078249,-0.23152091412860565,0.6833512061683804,0.5900811320356474,-0.634766579157839,41.80889519313102,1.0
-0.7009124173404078,-0.6656609417141941,0.45976971650752585,-0.11928775569049965,-0.9877984817849454,1.649705411399534,0.0
0.3069494557197676,0.795984202783141,-0.7181581992819075,0.7687209529128947,0.8194430308212053,123.66172419212319,1.0
-0.7691816926091544,-0.00469569769847844,0.7681098190652538,-0.9823509342852459,-0.7953586337206726,0.7136923835588103,1.0
-0.5680566771319466,-0.2670789168354517,0.8476117017144453,-0.557608594437137,0.979278276215148,12.821805946520843,1.0
-0.14061858948826234,0.6109061361707808,0.046169297631580175,-0.9505878185439056,-0.6654453929920916,36.15037263383202,1.0
-0.01165876498076579,-0.2650917789070564,0.9942076686691279,-0.9039395401137891,-0.8508120252385742,25.607359110233276,1.0
0.30434710718419233,-0.46754105438492033,0.8258259767351701,-0.30431640171306684,0.09654351755675306,223.9361864388154,1.0
0.2487215905387239,-0.7278344249224011,-0.6169807992753551,-0.9900506551121626,0.8792916221114233,0.020561726134609,1.0
-0.03909903518363356,-0.6610115199007993,0.6706805539276246,0.6595653426095092,0.3916522560469313,35.56988107621232,1.0
-0.36769251957460725,0.3760545054814983,-0.4817098313605226,-0.037406303723553025,0.10910171935671631,9.217689581033477,1.0
-0.5761862633252308,-0.8263937174725389,-0.005307084306470644,0.5996364917676309,-0.6028327615675597,15.825427388591272,1.0
-0.739157856928337,0.46511183259283717,0.8186858439931408,-0.7241441060558187,0.08536277648216961,17.207602306133186,1.0
-0.09078163904335357,-0.33538396330166687,-0.0369126848550374,0.5337580204595163,0.9023606382339067,179.05254860192852,1.0
0.15284816250264854,-0.9243092626554346,-0.36023791021494556,-0.0539124671347877,0.04281190422842118,112.56882743831841,1.0
0.10516660414946699,-0.21873731964320298,0.38004652599040134,-0.37322917863504035,0.9964503858181974,92.47579345392818,1.0
-0.6915654334258725,0.1536152980365304,-0.993064401213984,0.2379703544451417,0.25541637117362814,7.553108856529977,1.0
-0.26371199864047945,0.8846313415981373,-0.7914716961271442,-0.5581706480361546,0.4172512101470829,22.138254809714965,1.0
0.09945284192182191,0.5703263679649451,0.16394258438806641,-0.5933427239806277,0.033678036504866116,3.005082835283143,1.0
-0.2155116842098701,0.3626653264307378,-0.2861617813918935,0.3798158615851568,-0.7481577271253803,70.22242091451528,1.0
0.8286811249885355,0.7906515971262953,0.17350067666771118,-0.9218463938167276,-0.48673269088573656,33.75853865207907,1.0
0.44708613745205095,-0.5552789560254476,-0.05438914151024332,0.08861184659491839,0.05236627768425528,2.6156972116979404,0.0
0.9693868645016566,0.7923026175171941,-0.24223972911680125,-0.8626823612485479,0.25402815953181235,45.41584103003092,1.0
0.613581575494937,-0.49325875583011825,-0.33455203518834953,0.8203585032449299,0.3067506253648016,7.278809325916675,1.0
-0.3730351924530506,0.8360730496745166,0.013020086603785064,-0.23781529302988558,0.6738663777233462,21.386885010552547,1.0
-0.07780228028680392,-0.5205852518904592,0.08854607263195735,-0.43738763654510415,-0.07079692494401679,5.940079801848282,0.0
-0.5322997608868565,-0.9186751452169342,0.8446381227604038,-0.9251315297920109,0.7171106710063975,39.607542186544,0.0
-0.9595346458171292,-0.2021486029483941,-0.2148065389363738,-0.7847034536318349,0.8822223447087658,38.19120278493997,0.0
-0.26245925244613666,-0.8435573519209529,0.48164479784734504,-0.14956639195638455,0.6902682960780098,10.722407545934876,1.0
-0.18405484745216527,-0.15031297236074992,0.4737366202666815,0.3960948169860068,0.1841261993555363,26.49364649669978,1.0
0.3992636196153845,0.6409954294271205,-0.9246864098414374,0.12204839590459171,-0.7761355901367315,5.2990764318691514,1.0
-0.7503351741587174,-0.5855197064080133,-0.8123902093042237,0.38102594173089566,-0.10012817461892642,0.8788525209463595,1.0
0.5627758455031382,0.8722004780354875,0.8120836636522057,-0.6482531444047248,0.6179162967385543,26.9195338221561,1.0
0.13731683056048682,0.6186163900894455,-0.8617089556487982,0.23803610870098302,0.33795308853304284,68.1873980150136,1.0
-0.8650252770209623,-0.517337921229049,-0.8024864446822249,0.00423286017177249,0.7529827619693477,11.813055047509938,1.0
-0.6769112895015814,-0.4908014958219362,-0.0393155878708451,0.616718298444868,0.7534194159771646,167.14231017214755,1.0
-0.4746048831301304,0.8145988319518684,0.2575324037707323,-0.33253941000167586,0.7859800878291903,21.21463660307254,1.0
-0.5892037960228422,-0.6583290375682451,0.6649733352952478,0.8198313936460229,-0.511106437355993,23.84469873384403,1.0
0.09509856244803094,0.855056634859128,0.588192507461762,-0.990477902505178,-0.12796327110695493,60.088083800949235,0.0
0.025336612744158327,-0.6756579098121183,0.9103817006784467,0.907480590164395,0.8460806269164673,53.2801202991561,1.0
0.5530454411617081,0.030322929460365966,0.8247142336113555,0.4662265943420405,0.2340338694729065,212.98219714850725,1.0
0.5601509326496494,0.16286923358910133,0.6778545311417647,-0.022092002463352856,-0.2654892652605354,70.21731999905428,1.0
0.13114471766703506,0.002643106470419987,0.8336871011534124,0.30246520033093516,0.30611232173176695,153.12858277870038,1.0
-0.19305747902584525,0.7442698311417519,-0.3494892388116395,0.4889994987113946,0.6473077046966338,3.2421917965296925,0.0
0.9708128047132953,0.26305267559389134,0.9594368374907771,-0.934706927192335,0.8823441182400611,15.261897437148765,1.0
0.3893718920555813,-0.29351526275425055,-0.2643224773882151,0.5374479211304615,0.3434121320959065,28.013513014090694,1.0
-0.2882184527741847,0.3346882001710838,0.05139616690348192,-0.6197416853796098,0.2918600906451345,98.65334249402123,1.0
-0.21101022047902873,0.8095388784454967,-0.647619443986055,0.685945242474971,0.41620683079499865,87.2251213477407,1.0
0.9295389657230897,0.2240301661144446,0.2134395208610984,0.5862111981384142,0.8849555948770715,31.600040383969304,1.0
0.3124810036069692,-0.5293660890121838,-0.03775482233413241,-0.7120113625445776,0.6011605542789393,97.22371194815703,1.0
0.6615324251902315,0.9246161825649721,0.6289371563213986,0.6691015309100501,0.2731547835937065,68.31667082778479,1.0
-0.9063649820445461,-0.31449069059941026,0.7388555100390806,0.7577577542697649,-0.18282090638337078,15.387543639773838,1.0
0.6743410829785137,-0.05912533801312869,-0.791936980551317,-0.172717496911182,0.23999623693549688,28.92879739394306,0.0
0.3433931832804993,-0.1746953331526695,-0.8481072005227204,0.5728078218278878,-0.6620439481947082,103.7576826383969,1.0
-0.08110815850506414,0.4530809362958974,0.2375638027589091,0.96153506446506,0.34648500082637734,39.63212394688343,1.0
0.6289110177909527,0.7771229088259939,0.7600722756950407,0.6717966559224677,-0.5863379362976515,11.555317707964369,1.0
-0.2518487664778606,0.4162961955399962,-0.9810653105313389,-0.7247845149704206,0.18517625466255616,25.9586194051399,1.0
0.9659480210158513,-0.4628225623451392,-0.4044305323230173,0.45296114159124423,-0.5658148473933913,116.36821331723161,1.0
-0.8112353766811427,0.8342189051977329,0.5472608024827814,0.10936618679287569,-0.9509859943577799,0.5317937534447532,0.0
0.5528777445501725,0.0020185594003052643,0.4166314992513229,0.8972170958489327,-0.7603949803764434,20.353215736176,1.0
0.5454804377553908,0.763284023481678,-0.4828361066073781,-0.6740718530307284,-0.4817866796561374,96.01703214936632,1.0
-0.5823362098975502,-0.9683413449279878,0.6352901450938133,0.9706919470073232,-0.1578903876640798,28.958791479008205,1.0
-0.28328566719733117,-0.3017500689010557,0.7863171288148032,-0.6688830580477954,-0.7023414547239435,10.684564134036917,1.0
-0.6632630498190271,0.6773126987921618,0.02023329690111697,-0.2860127307841933,0.8557588615747767,0.1338378781799848,1.0
-0.5846728081653556,-0.5134014967884228,-0.7279535282590488,0.6946293784324991,-0.9756048599167586,13.618001743412284,1.0
-0.1047504393363603,0.4709835747032125,0.35674670719398205,0.3777999184202312,0.3842335959109886,100.45274257146563,1.0
-0.33894819714307167,-0.030517685271553407,-0.5695962191322566,-0.6468554502103818,0.9987808616859442,19.338331894971365,1.0
-0.8551009034633765,0.919549635305168,0.330852891786761,-0.9679526680404948,-0.01760562623977968,1.3584234320843815,0.0
0.07596033521136558,-0.20808278994760943,0.7659440926980312,0.9193443456610471,-0.6157444583711635,69.20437816484088,1.0
-0.14288766015483745,0.8850131543292354,-0.1299008908821313,-0.2066741580545166,-0.9618827971985939,27.071942679701962,1.0
0.5868680901604166,-0.6870155913694171,0.2567836020738461,-0.9702509911218649,0.8744200459665574,19.30017235238553,1.0
-0.3661014296081835,0.053816798398704124,-0.9730581238194689,-0.6070778502856042,-0.7438837840041785,11.92651847964591,1.0
0.11105333888276059,0.5690598921424055,-0.3306050277468435,-0.42183009450529574,0.6369364000562234,84.82075206264012,1.0
-0.7218559167947143,0.8306639336942363,0.1711920813992256,-0.9597800514172088,0.06731087771193245,14.666797451795466,1.0
0.38266429200519814,0.3297968761073331,0.8576847216837833,0.9517930049955763,-0.04305714282633688,47.54342680210202,1.0
-0.9836659773712972,0.3061736372083568,-0.7267489221678018,-0.3386444475624666,0.12476057953015118,20.382892665189793,1.0
-0.5052304568601078,0.15706091365704866,-0.13663268454176025,-0.6215576846858415,-0.9604765177264631,68.83631542167397,1.0
0.40896079867097246,0.6305086563920212,-0.874005590043127,-0.7461866215182229,-0.07552531020287567,58.67784355280523,1.0
0.6146429431647369,-0.48393392213913766,0.08836275956582917,0.608621380656809,0.05303082024522077,114.3281707579185,1.0
-0.9180928354959346,0.6914703085418552,0.33179807173718756,-0.5777909957200642,-0.5519060443980315,4.953865661973772,1.0
-0.07021272876636853,-0.7784288950747589,0.5663498847922184,-0.4116597717723425,-0.4775313667866674,67.46456112882616,1.0
0.7512587079698165,0.027550907538635316,-0.05010266764174509,0.16833725060093152,-0.479316672252857,14.182725376502416,0.0
-0.3138441550859037,0.6403567101129197,0.26625942334524355,-0.0002957093195787852,0.40176047679105986,5.72350921153955,1.0
0.250233145449138,-0.3204675306514171,0.6103941883584787,0.7567177409869912,-0.816847434945273,22.730685175528162,1.0
0.9944232302485367,-0.9607470858140514,0.08300313655321467,-0.2827352963062877,-0.3762074056626974,94.77303358778015,1.0
0.34798069692591826,-0.6967634739252346,-0.21226628112613066,0.5489446872596526,0.008027281815642384,50.67846543778834,1.0
-0.6558766564670935,0.00505014316507113,-0.3064027828014757,0.8233436573293151,0.6296412203536279,11.82865455750913,1.0
0.2439026325891418,-0.5640950445923536,-0.779888758121517,0.5517710127529536,-0.5456155104913218,132.58967852985216,1.0
-0.0336559166426742,-0.23304275864223056,0.4322423135945759,-0.31399418300621296,-0.7100301125693071,49.388301541512426,1.0
-0.7133186912036937,0.38725339011811033,-0.12141873203971842,0.5517326739551971,0.7237272130054084,48.70650690435763,0.0
-0.747898567124962,0.9251919853975852,-0.15396515766528673,-0.6417015030332829,-0.9688714017906213,2.0492971855685242,1.0
0.5839199457911624,0.5588636162050475,0.5894472945640019,-0.5553388324187898,0.3776897127053507,57.867992445284834,1.0
0.863289313562706,0.07489861641403861,0.3203973998629628,-0.5713239127812946,-0.24588451726003235,7.592466150179149,0.0
-0.5301098928223562,-0.9078425026316737,-0.9046641288855177,0.9036733050366423,-0.3018514424839447,1.7212909376405587,1.0
0.6669392794104889,0.20996639728341693,-0.8386794180803239,-0.5460672362506169,0.798501893058956,136.3599873335827,0.0
-0.027279833755907257,0.4368456368751008,-0.9905068543651474,0.6030866152736234,-0.37099384966417914,45.78462820302954,0.0
-0.7216136824803512,0.31028124314374694,-0.04390633079810691,0.45626855631483787,-0.13647675320851493,0.3057212031304942,0.0
0.7657118017699522,0.8314856284835146,-0.36645619277224295,0.9965970714781258,0.5981396495658151,70.79621050304961,1.0
0.29116223085946813,-0.39966083223696125,0.7343086772330414,-0.8158362100990659,0.21113254935094994,103.60908260859885,0.0
0.734864711517571,0.8089016642093849,0.5257330829519946,0.19247085019114296,0.635569593597433,5.488415201071214,1.0
0.9324149467950411,0.9116178966566126,0.7023300071297243,-0.4263791287070595,0.467353423194653,109.22604204878415,0.0
0.030807392062248695,-0.8509034908710578,0.22621600730450253,0.3402854070138741,0.31358890716865573,92.63917858947073,1.0
0.39023669237593595,0.47113874349707974,-0.9945723895849405,0.17096907634431524,-0.12076693309245545,30.909218724210053,0.0
0.44251339992774485,0.8950232396512467,-0.21241154110785776,-0.7410836933221374,-0.6897033375772383,15.01101533176173,1.0
0.32567167096542726,0.6567349461198877,0.13427002913069463,0.8720084042405727,0.07237707573414687,73.94383194448658,1.0
-0.5674645424770399,0.9258100403906171,0.49654593915806955,-0.3857868571714458,0.44359839069655127,5.8716434332732375,1.0
0.0932362121239736,-0.27023958905977796,0.7195665749375553,-0.7030445672464309,0.5538272002305795,15.355131068963193,1.0
0.20597584978538008,0.8884140222310453,0.6762976225654893,0.023687519330299223,-0.6845346336442764,16.31398909162818,1.0
0.5838057462445632,0.3774367506198917,0.9768064413392237,-0.6310003216838087,-0.8007090966221286,62.463996657616256,1.0
0.8099800448105132,-0.2514015913851244,0.46730834036609026,-0.8392423113800376,0.18892901629506653,7.715147457400872,1.0
0.42437102630095125,-0.9151680916724876,0.35682869331018496,-0.4517382657360425,0.20413684616813033,62.913349609718416,1.0
-0.44201451788206336,-0.7364513561969417,0.003135743608496666,0.10417089416979719,0.006241176160839412,23.626902940675883,1.0
0.2229880593540734,0.8161958722922846,-0.8170671155892046,0.7789696656141138,-0.13705205967373346,7.218798045928075,1.0
-0.2660368638191941,-0.2961748085487663,0.4628885007823582,0.5259386029269613,-0.37446949223081294,120.91124947465494,1.0
0.32996065136232167,0.5366117356355404,-0.12429718846911952,0.7610125765910827,0.7526707702288356,6.9064495857946975,1.0
-0.9276222145092314,-0.3778688699204398,0.21789868883855235,0.45685209183682507,0.3260865691063526,0.3685499594137404,0.0
-0.3473788187330513,0.42302295464032147,-0.5109376242067731,0.7966238147254494,0.6630572975797808,2.0943213015509436,0.0
-0.45196128781333167,-0.9961862866129072,0.8835679831344092,0.4539419180310946,0.3340947782761501,166.5712811263286,1.0
0.2651817300481787,-0.8644016357473314,0.5580321773850221,0.9011260176653866,0.6463968864937095,36.40112558860606,1.0
-0.5846637461037054,0.5662898295103025,0.20077722002072385,-0.015483758051118679,0.5504981770818804,3.8567530388984546,0.0
0.3612196939238952,0.5518620354838253,-0.26065065470727466,0.19675491591428207,-0.7903577629022385,7.969048260742696,1.0
-0.20240954566770641,-0.8315203135542037,0.5766409564285901,-0.390490272316957,-0.7624307913937971,36.61086751353095,1.0
0.07353679649560885,0.5709526550202109,-0.756637837625658,-0.009770222532321515,0.10739492472731405,25.812164609751633,1.0
0.06651413834987374,-0.6600737877549594,0.24087950899256727,-0.34328930576673167,0.771058933408761,21.20332534609645,1.0
-0.23565236967059322,-0.33165769086490604,-0.3657288183690228,-0.3832337255456191,0.9742708923495518,54.00761346011699,1.0
-0.7867761132552413,-0.8898156178377759,0.8406371155768868,0.41521708569656446,-0.863045277475901,12.949384220471941,1.0
-0.8287348315318943,0.6331623665185513,0.6512893021165256,-0.39979444867342173,-0.8972853008095918,1.6827876029245066,0.0
-0.9441295781211145,0.23337267056196032,-0.8101155092849766,0.5656021306537766,0.5378407988197664,62.878571014384725,1.0
0.5216636352634596,-0.9605436577475306,0.8324160002703984,-0.4378628938485014,0.0956712151410164,175.06353706921794,1.0
-0.11310913173205628,0.5820405350923445,-0.5505383108479551,0.09019106140699629,0.8724981000418286,41.85753529008995,1.0
-0.8363787622599403,-0.04709219474964432,-0.27336880067009584,0.9549392188340997,0.7098112997152795,1.4020996402514516,1.0
-0.7643159661816628,0.450564035459071,-0.38977263105534443,-0.7076277501995114,-0.9234576012646252,57.62620571291046,1.0
0.6403118616856025,-0.15127314110737977,0.05818345143549264,0.7797470051305675,-0.7881160913855272,65.22016158434985,1.0
-0.6719101055331733,-0.7850002298184493,-0.3684087299272376,0.7796262223903991,0.3388677320769955,12.333394186960719,1.0
0.5735066609956747,-0.7221599048079081,-0.9180389072796897,0.35858101737693704,-0.5435616456878571,267.0817156131777,1.0
0.6691724476386203,-0.35070240710188516,-0.6305122778337966,0.39332046146203603,-0.8580852280637017,188.56043675612707,1.0
0.9277303504100987,0.03399328170086835,-0.6040973945771415,0.5533834351361215,0.09262837638208254,14.397096929583808,0.0
-0.8781246900875759,0.22170025783228886,-0.3944135827982078,0.9819617421538718,-0.39245707110100114,9.115859326068144,1.0
-0.909768925023531,-0.8610547587080073,-0.4331699238056479,-0.5215374682023268,0.9436613948622472,21.425666164581816,1.0
-0.23964058989070858,-0.15467932618470015,0.5688163580677013,0.3895738092968424,0.056370368294724305,23.001105064008613,0.0
0.910113700131435,0.9501567072737656,-0.9810906637104022,-0.2044704092575178,-0.2340033159120507,13.903007818324264,1.0
-0.5259180598947628,-0.8658265235834406,0.45233026255225517,0.3252140006431481,0.9475170026779283,12.30629155343966,0.0
0.4733155395746491,-0.5207744150427109,0.4765614516025274,0.9779845674567971,-0.6790303030378293,24.309285772903028,1.0
0.5908047214142846,0.943700482285841,0.02717444612386588,0.11429152252292729,-0.3868284013688954,32.21495345064334,0.0
-0.829075506717061,-0.4396503073869136,-0.24332238282847674,-0.515797421301659,0.11907255037485176,31.46464916456769,1.0
0.1469446479935712,-0.6835476515883887,0.11929300784477315,-0.2366486733483768,0.399478052093444,500.0,1.0
-0.2649224434379742,0.4422281491985032,0.24766826967680577,0.952536786223527,0.9608252021933368,6.3443263245558175,0.0
0.5596682959165982,-0.7836621756972673,0.13970324962233827,-0.09183036770663189,-0.6550132010328982,42.950651363640645,1.0
-0.4609787197549642,0.6690915509165976,0.16867768580510334,-0.6432693356427921,-0.33552865307943347,3.7501967297271803,1.0
-0.40380028634685705,0.41892760088158276,0.19571982976490232,-0.4986385462785454,0.2995368513565444,73.0057381165362,1.0
0.0831138371400244,0.8743266662923201,-0.2727632201296266,-0.2132970797262399,0.2132686715298584,25.072091885680756,0.0
-0.7613319979142728,0.7997043107363846,-0.3537938344046747,0.03766781394822383,0.6647962218095504,9.734389989300748,1.0
0.03050989801036863,0.43529418751672777,0.7292751322952344,-0.7720646310982167,0.9092260006353512,16.2934200485237,0.0
-0.38953606971107924,0.6076367669158369,0.021683591331955743,-0.6073595357502664,0.2794626223901826,6.705296126070809,1.0
0.9375903674706476,-0.7634814557914333,0.7731743799564421,-0.4808242725941463,-0.060078809997608396,13.646483672720965,0.0
-0.5272763655357573,0.5361754596573094,-0.42698082919502367,0.12736012812840025,0.0068341837207746,21.26111548293593,1.0
-0.32741272826456225,-0.37411629954248315,-0.6362396567240398,-0.8027209147418519,-0.5834335027035122,4.501323120748759,1.0
-0.9276849169703429,-0.4356155885454627,-0.5805454426726779,-0.996844645879172,0.04326787751605865,38.166763019821886,1.0
-0.40163528911865787,0.4669612617132419,-0.8203625247933322,0.9351523754461013,0.9154536343112412,35.45604632679428,1.0
0.8561855321752603,-0.041001497664020725,0.4076582405769622,-0.9228874855226143,-0.03698122691257599,29.994276859796756,1.0
-0.9987285014365375,0.14525884213263263,-0.7924016886467271,-0.9828159501213631,0.04170324030562167,8.661113053394145,1.0
0.5502202799997813,0.4419052594865376,-0.24202372380392645,-0.4880240601416548,0.013399492227677223,90.84154568044563,1.0
-0.020644933027842427,0.9707157780990343,-0.36433698488810484,-0.2575514499092011,-0.8335902624605613,98.8160376782264,1.0
-0.14566065223070068,0.293635558172084,0.2454558572370602,0.5492790942128434,-0.6323318866548455,0.04962767219859574,0.0
0.6965339845507716,-0.6465458248077756,0.3704205556525284,-0.5312670422767956,0.08757814985804391,171.99411793695577,0.0
0.6645140217112402,-0.7355917392055398,-0.12665294518114845,0.050767495536117035,-0.6598192309886226,53.203872405412454,1.0
-0.47575118394785965,-0.14671129562360363,-0.9832923139919143,0.7955245268769164,-0.4506175147848832,37.120530426809644,0.0
0.19698677413544186,-0.29018731932069763,-0.7925138760702135,0.5854790650296635,0.6061367807254503,10.164316316309753,1.0
-0.9012488260394369,0.07782530387068731,-0.461227269983282,0.5550937183131532,0.5002930371547665,30.58496844728325,1.0
0.23349435762600623,0.5407680122917191,0.5713157371173028,0.26928714844062607,0.14362439327348064,9.689077491951194,1.0
-0.12760677400118414,0.5117946700848459,-0.6528014567109408,0.22376143438105234,0.7231349699146952,12.148220692310169,1.0
0.905499233474264,-0.16039991568078493,-0.8680058939130828,0.40946588728910105,0.4911273969705028,243.04564524413033,1.0
-0.4609092360652989,0.8966609738334863,0.8176212038565158,-0.8368449746056879,0.4548086032379022,14.363509159379857,1.0
-0.02572067804000122,0.03011875952620402,-0.29866347819709715,-0.3919789640416529,0.3323029286632977,16.674229077766494,1.0
-0.7090076346566465,-0.47191657221548033,0.6017871425023098,0.5804435575623488,-0.9957044611411789,15.63324218668434,1.0
-0.40929904513673243,-0.27526780441526055,0.2654063463977039,-0.721127695630178,-0.07164232676178828,8.223066334662706,1.0
0.9097652525871378,-0.5871518443226253,-0.6416078120742967,-0.6302823002883176,-0.36059676361299187,27.079844130838737,1.0
-0.21194231795751772,-0.2212208508156186,0.8008495890704823,-0.7314881558315449,-0.3109495713789019,10.148258549373834,1.0
0.4756267837843984,0.27880090238046673,0.32913389976566965,-0.4170177537199855,-0.23961995011874748,191.03882432585104,1.0
0.6171924007066203,-0.6564807483658146,-0.32865433121357457,0.5334037908877665,0.9055445722144204,51.68010002624607,0.0
0.09999470669267874,0.6754055797272904,-0.10995034583637264,-0.33744142808776245,-0.018182486526848507,29.827896168363093,1.0
0.3793565247211401,-0.9322258631534939,-0.017784673427336584,0.2410802400317491,-0.9896877370640544,215.92366965797876,1.0
0.2675216608436197,0.6574342441402736,-0.19574303296225581,0.1559342135234063,-0.4949206949298579,3.154427495967253,0.0
0.012684645787218285,0.04468173381440366,0.019292997870715034,0.3200891147946958,0.016809050065908826,21.415400597902035,1.0
0.4224481914878484,0.9856679890145652,-0.39317916023260224,0.6516360538352299,0.8961389091551526,41.51818807230233,1.0
0.7904951729491883,0.9528877581151776,0.9991375453773259,0.9343266163489732,-0.38538438101361505,25.985046629354652,1.0
-0.8769974656973292,0.23102516229360037,0.6956355789661817,0.37169108064303713,0.342447296013652,7.106845386227975,1.0
0.9234787524964108,0.31608901695376534,0.7770685662296364,-0.23646426266240983,0.42003064247933897,100.89629584884197,1.0
-0.13161894830755716,-0.9049766537093404,0.7460384621933829,0.17476554911553688,-0.12499320456838858,5.831259821370815,0.0
0.10592353045991887,-0.20269782717429918,0.37281585623497326,0.06432397606805518,0.2745463334364975,33.959777558537496,1.0
-0.08293829591463608,-0.7879616459934076,-0.1677506341436792,-0.77752853394053,-0.983113927096438,0.19951096743767813,0.0
0.5362841379209424,-0.8601332119053982,0.4346845516420814,0.5654368368979767,-0.27299248621765604,14.419052509055046,1.0
-0.3726096246780355,-0.2160476627943495,0.09097013132097076,-0.8438055956048798,-0.6223106759029886,91.04023391920394,1.0
-0.03712347643897229,-0.9232598486373993,-0.3216703799961984,-0.7643671144197814,-0.8249787554906935,18.100332154266475,0.0
-0.3799910630676926,-0.20383288155342472,0.2575300753475749,-0.10741252232305332,0.7580611587527069,21.389867656779973,1.0
-0.41753349627017333,-0.34870811842334426,0.9464212596817758,0.5987213109582563,0.27441812300292434,100.61760421692257,1.0
-0.3400440106381164,0.05472937729006988,0.6644088547801195,0.12844190467214567,-0.7436898648459214,9.99360125201492,1.0
0.33941993627133793,-0.8521189429874354,0.8125123127615221,0.3931329339479084,-0.5839162698394211,49.86755953789064,1.0
0.9530540041140314,-0.33098542795956654,-0.7616952476646166,0.7520509288749442,-0.849438149107387,18.77834148828121,1.0
0.13665160769331464,0.2304169271164196,-0.8408376403274209,-0.6473445376546771,-0.7584504482893253,15.270995338344811,0.0
0.5619920162529588,-0.12236364013275947,0.3716989999120275,-0.4801458528519371,-0.7178627669076509,44.21063091881538,0.0
0.5591306486032928,0.6088153183571818,0.22716674031058592,-0.4967495019197168,0.5717709537923903,6.594044916974633,1.0
0.6514634120912814,-0.3228669876905583,-0.0294618700626057,-0.17486071741237685,0.6750047330946591,130.42116965212458,1.0
-0.8337261292927072,0.2541908252273031,-0.40267326291317196,-0.712426826378828,0.4252419655852744,77.22968467729737,1.0
-0.4293016048287517,0.09903974706995888,0.34450535012869077,-0.460778309098669,0.5635432012830042,26.63987236923961,0.0
0.0203269585343564,0.906662555269649,-0.8007148147132102,0.43686523676098,0.7941632950898407,0.9280105579956851,1.0
0.7727922329456314,-0.4368861203538372,0.9834889331160535,0.7015959722370491,-0.8196116681594616,431.0749227471015,1.0
-0.5471130109367963,0.7081813048709618,-0.27136867667942477,-0.3908501678970906,0.6495286183368476,5.873304227546396,1.0
-0.9532124918469831,-0.8881963511816282,-0.5614255192209849,-0.7533375973678023,-0.7602676601689065,70.47471238999161,1.0
0.11250610932974348,0.745433787992674,-0.07994388707632272,-0.7523383257345695,-0.01240704128749015,25.89475110807685,0.0
0.7904032329612181,-0.03301550542776677,0.6071554587135208,0.26492234303267304,0.608157323863276,87.69449577143185,1.0
0.10163001109429426,0.06910489663555808,0.9658939925600527,0.05051927640921883,0.0806111338242983,30.98765866169189,1.0
0.054947132088972284,0.21225991693917212,0.3390929699551022,0.5148063714572737,-0.194079737512042,3.108983514103869,0.0
-0.40407368971321755,-0.9129082731742968,0.9029009306361373,-0.08930892680803448,0.2663580233809755,46.59314004793819,1.0
0.6699035154286932,0.21599974643761155,-0.27237552330222936,0.43850230457755157,-0.975743400840599,30.361179048722555,0.0
0.49312915020475745,-0.5187764784086364,0.6250625910258116,0.8701410002859571,0.5927206667872127,9.775770326062103,0.0
-0.9830600492571067,0.6648731032392718,0.5509419073948527,-0.8375691918654484,0.3586860593754375,12.922819382348049,1.0
0.39454367677072977,-0.9167145114217052,0.8273603696718674,-0.8728297633884938,0.284649393661371,168.67537093401253,1.0
0.870127057493393,0.30285715371092636,-0.6957671692489951,0.7662604011804925,-0.9566940401164425,40.895411375560066,0.0
-0.12281883822893014,-0.39403000831410306,-0.7457131513775062,-0.9442127614238678,0.9219827930629458,120.09317216089796,1.0
0.4263243516367654,-0.0015199827185086168,-0.1774930124765166,0.7362165220112682,0.12741568576107754,10.385637728728154,1.0
0.3311991152322682,0.9654483868739177,0.9909703222922495,0.82511581794527,-0.5901814261144189,22.45847517672335,1.0
0.6690206906247462,-0.35042440595730495,0.896744308354424,-0.8229573804876671,0.7094853266297652,94.64742636792238,1.0
-0.5674477100735307,0.11511880725261592,-0.9866903151700048,0.6515017248074726,-0.34967843072581073,5.99071122442896,1.0
0.6967162993492377,-0.394428652203785,-0.21174371814588655,-0.3221926343454016,-0.7152131284042584,58.08692947593407,1.0
-0.7016860505850862,-0.7242613999311229,0.24423192864031984,-0.8680697402387687,0.67908826874661,3.0764172672921477,1.0
-0.48027042565366473,0.4358130374493421,-0.5443277512973381,0.15217239219397305,0.5511048740713811,54.69177084740551,1.0
0.828979552433448,0.4380980467429443,0.5737688849745286,-0.8019008157744458,-0.30078749375840586,6.9123575607352645,1.0
0.9023273772119202,0.7816991251979466,0.4683668320779617,-0.1813473423313008,0.6674173931776661,39.44448173547443,0.0
0.24365292774629133,0.22628301799054795,0.27863042703594076,-0.13034514188326463,-0.8658179388317311,3.334102384818372,1.0
-0.501803829756873,0.21259234071472055,-0.6265589273738654,0.7773529946300943,0.1794000543390759,8.019905811591626,0.0
-0.25324819495799855,0.28087734084295146,-0.5993391766485754,0.7595330497476955,-0.4994832573160106,102.8823213449339,1.0
0.23321636110719002,-0.6622454123828101,-0.5855385708840404,0.6573485094073739,-0.10809068256146226,12.411620525817032,1.0
0.7570503805449178,0.8650031489278345,-0.15965177210883974,0.7824106866128664,0.12912971758826308,15.104085323185924,1.0
0.9506266550952276,-0.6867329330893803,0.5931413596046313,-0.5071245343301947,-0.32491564427925534,135.16970568863948,1.0
0.21363837945513264,-0.23706776523659046,-0.6438103439029061,-0.5856152886698303,-0.6047906481753687,109.52856858905612,1.0
0.35432436091806485,0.7912421357339934,0.29924263567163023,-0.6702024018013086,-0.8119391365306821,28.745084070851345,1.0
-0.4508834599736651,-0.6699408702360341,0.22532310765453767,-0.06329019050753626,-0.6652858564178716,28.719084919636487,1.0
-0.13735571384725187,-0.8969172908193879,-0.11843036652761452,-0.7384622894665562,0.15572783270818058,0.40479426799665325,1.0
0.047525988559012466,-0.4646440341588287,0.5060466924489941,-0.6621579102667572,-0.04864224817664686,19.898134276203063,0.0
0.28616008611866706,-0.3092011127592549,-0.49813853403334174,-0.23491967906397537,0.47085954066058155,30.383476375080647,1.0
-0.04007269264289115,0.4334684581441577,0.8723029886687645,-0.5104552989383211,-0.4272050737031139,161.32633465150917,1.0
-0.8609752909537398,0.24103875491198434,-0.8850136960587609,-0.8712179100940618,0.8193984971654169,5.200624484813187,1.0
-0.9121988397310927,0.09326459913028806,0.6335649311022218,0.02769849774450961,-0.0575199874221215,11.077761848959925,1.0
