0,1,2,3,4,5,6,7,8,9,10,11,12,13,14,15,16,17,18,19,20,21,22,23,24,25,26,27,28,29,30,31,32,33,34,35,36,37,38,39,40,41,42,43,44,45,46,47,48,49,50,51,52,53,54,55,56,57,58,59,60,61,62,63,64,65,66,67,68,69,70,71,72,73,74,75,76,77,78,79,80,81,82,83,84,85,86,87,88,89,90,91,92,93,94,95,96,97,98,99,100,101,102,103,104,105,106,107,108,109,110,111,112,113,114,115,116,117,118,119,120,121,122,123,124,125,126,127,128,129,130,131,132,133,134,135,136,137,138,139,140,141,142,143,144,145,146,147,148,149,150,151,152,153,154,155,156,157,158,159,160,161,162,163,164,165,166,167,168,169,170,171,172,173,174,175,176,177,178,179,180,181,182,183,184,185,186,187,188,189,190,191,192,193,194,195,196,197
0.9646298,0.99999976,0.96771467,0.9767738,0.9796964,0.97906303,0.9678047,0.9859244,0.9784966,0.9999385,0.9862817,0.9884199,0.9866519,0.9599765,0.985741,0.9924123,0.9914331,0.99285704,0.9683627,0.98278016,0.9943349,0.9999995,0.9957501,0.97648025,0.9800963,1.0,0.9736946,0.9862697,0.9996055,0.98506165,0.98719275,0.9828481,0.9827719,1.0,0.97284204,0.9970761,0.98255426,0.9977055,0.99657685,1.0,0.9525166,0.99998766,0.98392797,0.97309065,0.996117,0.96857107,0.99445933,0.98586863,0.9751873,0.9882465,0.9927288,0.99317205,0.9995716,0.98912275,0.9881173,0.99317205,0.990528,0.9997818,0.99999934,0.9900552,0.99643487,0.99485886,0.9983159,0.9855448,0.966214,0.9988879,0.9905802,0.9984189,0.9417866,0.98849046,1.0,0.9968106,0.99488163,0.976436,0.99997705,0.99999994,0.98709923,0.99294037,0.99999654,0.9992292,0.9929127,0.9999986,0.99987215,0.99857104,0.9947309,0.99307597,0.9999982,0.99998254,0.9830036,0.9995913,0.99891007,0.98404026,0.9926543,0.9997674,0.9868743,0.9999999,0.97492445,0.97034854,0.9781146,0.9999842,0.9849552,0.99999976,0.9998924,0.9945031,0.9826219,1.0,0.9996471,0.9810696,0.9878,0.99993473,1.0,0.99974173,0.9839783,0.9861722,0.9844762,0.9873829,0.999903,0.9802689,0.9736921,0.9811374,0.99087346,0.98648083,0.99328965,0.98919326,0.99983704,0.99999994,0.99317205,0.9678285,0.9896511,0.9519203,0.9999991,0.9932939,0.9971045,0.96940964,0.98375374,0.97369546,0.9786223,0.9999068,0.9996305,0.9730653,0.9889607,0.96719694,0.97336644,0.9741637,0.9711406,0.994793,0.99999905,0.99812305,0.9943628,0.9925265,0.99999917,0.9830339,0.9975999,0.99799025,0.96700776,0.9698451,0.9962498,0.9999362,0.96786726,0.9707475,0.9784937,0.9999952,0.980513,0.97728187,0.9655795,0.957106,0.9666716,0.982945,0.95870256,0.99845934,0.9722463,0.99703467,0.9937665,0.9512442,0.962042,0.9987738,0.9632445,0.96035326,0.97021943,0.96652174,0.96589506,0.9575566,0.97393876,0.9763238,0.95185447,0.95293564,0.95803285,0.97271615,0.9969857,0.9727533,0.99539584,0.9616126,0.97082263,0.9630058,0.9681029,0.9914695,0.99870986,0.97531587
0.9544106,0.9999992,0.966084,0.96388906,0.97108537,0.952162,0.9486169,0.97734064,0.9753243,0.99993765,0.9844407,0.9878832,0.9581519,0.94916725,0.9846927,0.9677384,0.9900277,0.9906951,0.96048003,0.9812027,0.9894732,0.9999994,0.995335,0.9742138,0.9668212,1.0,0.9659579,0.9604004,0.9995938,0.9824506,0.97975963,0.970427,0.9690802,1.0,0.97096306,0.9969705,0.96585953,0.99763876,0.99627316,1.0,0.94828826,0.9999859,0.972121,0.9648054,0.9959587,0.95371056,0.9941024,0.98091215,0.968448,0.9742634,0.98350185,0.99202836,0.9987358,0.9858659,0.9879788,0.99202836,0.9904427,0.99977154,0.9999951,0.9630109,0.996288,0.9946592,0.9982378,0.9833757,0.9478412,0.9988761,0.9904518,0.99839866,0.9332889,0.9884454,1.0,0.9962916,0.99415326,0.97356576,0.99997634,0.99999994,0.98472226,0.9924364,0.99999654,0.99918634,0.9925726,0.9999982,0.99986845,0.9985703,0.9936555,0.992749,0.99999636,0.99995065,0.95814633,0.9995848,0.9973259,0.9536078,0.9913745,0.9997648,0.9848759,0.9999998,0.9639848,0.96564364,0.97250915,0.9999559,0.9725482,0.9999997,0.9998866,0.97918373,0.96832305,0.99999994,0.99964124,0.95701486,0.97759384,0.9999282,1.0,0.9997393,0.9588585,0.9765219,0.967367,0.9664953,0.99988043,0.962338,0.9461344,0.96154124,0.9813097,0.9635882,0.98486847,0.98832196,0.99983454,0.99999994,0.99202836,0.9608041,0.98857486,0.9479581,0.99999887,0.9931205,0.9924931,0.95681334,0.9707129,0.96243536,0.9697276,0.9998966,0.9992763,0.949034,0.98790467,0.9544734,0.96541345,0.95827633,0.9557464,0.9912231,0.9999987,0.9975827,0.9932984,0.99106103,0.9999984,0.98181397,0.9973807,0.9953259,0.9616114,0.9574246,0.9958146,0.99992365,0.9615767,0.9694832,0.9768991,0.9999869,0.97353935,0.9594919,0.953341,0.95577204,0.95262694,0.97762394,0.9559894,0.9983667,0.9652404,0.9968716,0.9934723,0.9423475,0.95695287,0.9987336,0.9602447,0.952764,0.9556429,0.9382616,0.96083283,0.95267403,0.9685626,0.94690776,0.94704336,0.9371682,0.94346184,0.96226126,0.99374473,0.9705287,0.99138266,0.9508353,0.9491693,0.9606679,0.94582576,0.99029875,0.9982892,0.9351378
0.94419134,0.99999875,0.96445334,0.9510043,0.9624743,0.925261,0.9294292,0.9687569,0.97215194,0.99993676,0.9825997,0.98734653,0.92965186,0.938358,0.98364437,0.9430645,0.98862237,0.98853326,0.9525974,0.9796253,0.9846116,0.9999993,0.99491984,0.97194725,0.95354605,1.0,0.95822114,0.9345311,0.9995821,0.9798395,0.97232646,0.9580059,0.9553886,1.0,0.9690841,0.9968648,0.9491648,0.99757195,0.9959695,1.0,0.9440599,0.9999841,0.960314,0.95652026,0.99580044,0.93885,0.9937455,0.97595567,0.96170866,0.96028036,0.9742749,0.99088466,0.99789995,0.9826091,0.9878404,0.99088466,0.99035746,0.9997613,0.9999908,0.9359666,0.99614114,0.99445945,0.99815965,0.9812066,0.9294685,0.9988643,0.9903234,0.99837834,0.92479116,0.98840034,1.0,0.99577254,0.99342495,0.9706955,0.9999756,0.99999994,0.9823452,0.9919325,0.99999654,0.9991435,0.99223244,0.9999978,0.9998647,0.99856967,0.99258006,0.99242204,0.9999945,0.9999188,0.93328905,0.99957836,0.9957417,0.92317533,0.99009466,0.9997622,0.98287755,0.9999998,0.9530452,0.96093875,0.9669036,0.9999275,0.9601412,0.99999964,0.99988073,0.9638644,0.95402414,0.99999994,0.99963546,0.93296015,0.9673877,0.9999216,1.0,0.99973685,0.93373865,0.9668716,0.9502578,0.94560766,0.9998579,0.94440705,0.91857666,0.9419451,0.97174597,0.9406955,0.9764473,0.9874507,0.999832,0.9999999,0.99088466,0.9537797,0.9874986,0.9439959,0.9999986,0.9929471,0.98788166,0.944217,0.957672,0.9511753,0.9608329,0.9998864,0.99892205,0.92500263,0.9868487,0.9417499,0.95746046,0.942389,0.9403522,0.98765314,0.9999983,0.9970423,0.9922341,0.98959565,0.9999976,0.98059404,0.9971615,0.99266154,0.956215,0.9450041,0.99537945,0.999911,0.95528615,0.96821886,0.9753044,0.9999786,0.9665657,0.941702,0.94110245,0.9544381,0.93858236,0.9723028,0.9532763,0.9982741,0.95823455,0.9967085,0.993178,0.9334509,0.9518638,0.9986934,0.9572449,0.9451747,0.9410663,0.9100015,0.9557706,0.9477915,0.9631864,0.91749173,0.9422322,0.92140067,0.9288908,0.9518063,0.9905038,0.96830416,0.9873695,0.940058,0.927516,0.95833004,0.9235487,0.989128,0.99786854,0.8949598
0.9339721,0.9999982,0.96282274,0.9381196,0.95386326,0.89836,0.9102414,0.96017313,0.96897954,0.99993587,0.98075867,0.9868098,0.9011518,0.9275487,0.982596,0.9183906,0.98721695,0.98637134,0.9447147,0.9780479,0.97975,0.9999992,0.9945047,0.9696808,0.9402709,1.0,0.9504844,0.9086617,0.9995704,0.9772284,0.96489334,0.9455848,0.94169694,1.0,0.9672051,0.9967592,0.93247,0.9975051,0.9956657,1.0,0.93983155,0.99998224,0.948507,0.9482351,0.9956421,0.9239895,0.99338853,0.9709992,0.9549694,0.9462973,0.96504784,0.98974097,0.9970641,0.9793523,0.98770195,0.98974097,0.99027216,0.99975103,0.9999866,0.9089224,0.99599427,0.9942597,0.99808156,0.9790375,0.91109574,0.9988525,0.99019504,0.9983581,0.91629344,0.9883553,1.0,0.99525344,0.9926966,0.96782523,0.9999749,0.9999999,0.97996825,0.99142855,0.99999654,0.9991007,0.9918923,0.99999744,0.999861,0.99856895,0.9915046,0.99209505,0.99999267,0.99988693,0.9084317,0.99957186,0.9941576,0.89274293,0.98881483,0.9997596,0.9808792,0.99999976,0.94210553,0.9562338,0.9612981,0.9998992,0.9477342,0.9999996,0.9998749,0.948545,0.9397253,0.99999994,0.9996296,0.90890545,0.9571815,0.99991506,1.0,0.99973446,0.9086188,0.9572213,0.9331486,0.9247201,0.9998354,0.9264761,0.8910189,0.92234886,0.9621823,0.91780293,0.9680261,0.9865794,0.9998294,0.9999999,0.98974097,0.9467553,0.98642236,0.94003373,0.9999984,0.9927737,0.9832702,0.9316207,0.94463116,0.9399152,0.9519382,0.9998762,0.99856776,0.9009713,0.9857927,0.9290263,0.9495075,0.92650163,0.92495793,0.9840832,0.99999785,0.9965019,0.99116975,0.9881302,0.9999969,0.9793741,0.99694234,0.98999715,0.95081866,0.9325836,0.9949443,0.99989843,0.9489956,0.9669545,0.9737098,0.9999703,0.9595921,0.9239121,0.92886394,0.9531042,0.9245377,0.96698165,0.95056313,0.99818146,0.9512287,0.9965454,0.9928838,0.9245542,0.9467748,0.9986532,0.95424503,0.93758535,0.9264898,0.88174134,0.9507084,0.942909,0.9578102,0.8880757,0.9374211,0.90563315,0.9143198,0.9413514,0.98726285,0.96607953,0.98335636,0.92928076,0.9058627,0.95599216,0.90127164,0.98795724,0.9974479,0.85478175
0.9237529,0.99999774,0.9611921,0.92523485,0.9452522,0.871459,0.8910537,0.9515894,0.9658072,0.999935,0.97891766,0.9862731,0.87265176,0.91673946,0.98154765,0.8937167,0.9858116,0.9842094,0.9368321,0.9764705,0.9748883,0.9999991,0.99408954,0.96741426,0.9269958,1.0,0.94274765,0.8827924,0.9995588,0.9746173,0.9574602,0.9331637,0.9280053,1.0,0.96532613,0.99665356,0.9157753,0.9974383,0.99536204,1.0,0.93560314,0.99998045,0.9367,0.93994987,0.9954839,0.9091289,0.9930316,0.9660427,0.9482301,0.9323142,0.95582086,0.9885973,0.9962283,0.9760955,0.9875635,0.9885973,0.9901869,0.9997408,0.99998236,0.8818781,0.9958474,0.99406004,0.9980035,0.97686845,0.89272296,0.9988407,0.99006665,0.9983378,0.9077957,0.9883102,1.0,0.9947344,0.9919683,0.964955,0.99997425,0.9999999,0.9775912,0.9909246,0.99999654,0.9990578,0.9915521,0.999997,0.99985725,0.9985683,0.99042916,0.99176806,0.9999909,0.99985504,0.8835744,0.9995654,0.99257344,0.86231047,0.98753494,0.999757,0.9788808,0.99999976,0.9311659,0.9515289,0.9556926,0.99987084,0.9353272,0.9999995,0.99986905,0.93322563,0.92542636,0.99999994,0.99962384,0.88485074,0.9469754,0.9999085,1.0,0.999732,0.883499,0.94757104,0.9160394,0.9038325,0.99981284,0.9085452,0.86346114,0.9027527,0.95261854,0.8949103,0.9596049,0.9857081,0.9998269,0.9999999,0.9885973,0.9397309,0.9853461,0.9360715,0.99999815,0.9926003,0.9786588,0.91902435,0.9315903,0.92865515,0.94304353,0.999866,0.9982135,0.8769399,0.98473674,0.9163028,0.9415545,0.9106143,0.9095637,0.9805133,0.9999975,0.9959615,0.9901054,0.98666483,0.9999961,0.9781541,0.9967231,0.9873328,0.9454223,0.92016304,0.9945091,0.99988586,0.942705,0.96569026,0.9721152,0.999962,0.9526185,0.90612215,0.91662544,0.95177025,0.91049314,0.96166056,0.94785,0.99808884,0.9442228,0.9963823,0.9925896,0.91565764,0.94168574,0.99861294,0.95124525,0.9299961,0.9119133,0.85348123,0.94564617,0.9380264,0.95243406,0.8586597,0.9326099,0.8898657,0.8997488,0.93089646,0.9840219,0.96385497,0.9793432,0.91850346,0.8842094,0.9536542,0.8789946,0.98678654,0.9970273,0.8146037
0.9135336,0.99999726,0.9595614,0.9123501,0.93664116,0.84455794,0.8718659,0.9430056,0.96263486,0.9999341,0.97707665,0.9857364,0.8441517,0.90593016,0.9804993,0.86904275,0.98440623,0.9820475,0.9289495,0.97489303,0.9700267,0.999999,0.9936744,0.9651478,0.91372067,1.0,0.9350109,0.8569231,0.9995471,0.9720062,0.95002705,0.9207426,0.9143136,1.0,0.96344715,0.99654794,0.8990806,0.9973715,0.99505836,1.0,0.9313748,0.99997866,0.924893,0.9316647,0.99532557,0.8942684,0.9926747,0.9610862,0.94149077,0.91833115,0.9465939,0.9874536,0.99539244,0.9728387,0.987425,0.9874536,0.99010164,0.9997305,0.99997807,0.8548338,0.99570054,0.9938603,0.99792534,0.9746994,0.87435025,0.9988289,0.98993826,0.99831754,0.899298,0.98826516,1.0,0.99421537,0.9912399,0.9620847,0.99997354,0.9999999,0.97521424,0.99042064,0.99999654,0.999015,0.991212,0.9999966,0.99985355,0.99856764,0.9893537,0.9914411,0.99998903,0.99982315,0.8587171,0.9995589,0.99098927,0.83187807,0.9862551,0.99975437,0.97688246,0.9999997,0.9202263,0.94682395,0.9500871,0.9998425,0.92292017,0.99999946,0.99986327,0.9179063,0.9111275,0.9999999,0.99961805,0.860796,0.93676925,0.99990195,1.0,0.9997296,0.8583792,0.93792075,0.8989302,0.88294494,0.99979025,0.8906143,0.8359034,0.8831565,0.9430548,0.8720176,0.95118374,0.9848368,0.99982435,0.9999998,0.9874536,0.9327065,0.98426986,0.93210936,0.9999979,0.992427,0.97404736,0.90642804,0.9185495,0.91739506,0.93414885,0.9998558,0.9978593,0.85290855,0.9836807,0.90357924,0.9336015,0.89472693,0.8941695,0.9769433,0.9999971,0.9954211,0.98904103,0.9851994,0.99999535,0.9769342,0.99650395,0.98466843,0.9400259,0.90774256,0.9940739,0.9998732,0.9364144,0.9644259,0.97052056,0.9999537,0.94564486,0.88833225,0.9043869,0.9504363,0.89644855,0.9563394,0.94513685,0.9979963,0.93721694,0.9962192,0.9922953,0.906761,0.93659663,0.99857277,0.9482454,0.9224068,0.8973367,0.82522106,0.94058394,0.9331439,0.94705784,0.82924366,0.92779875,0.8740982,0.8851778,0.92044157,0.98078096,0.9616304,0.97533005,0.90772617,0.8625561,0.95131636,0.85671747,0.9856158,0.99660665,0.7744257
0.90946424,0.9991626,0.95640236,0.9031357,0.9209653,0.82920957,0.8618574,0.9233188,0.96018046,0.99993384,0.9673629,0.98488665,0.83119714,0.89798206,0.98012275,0.8545031,0.96513534,0.9636193,0.9197031,0.94582385,0.9619259,0.96668625,0.993277,0.96442175,0.9061601,0.9999862,0.9292835,0.8441917,0.9995398,0.9683413,0.9414552,0.9043226,0.90117824,0.9998976,0.95667905,0.98112845,0.88626134,0.9931463,0.9947428,0.99992204,0.9268281,0.9997751,0.91748506,0.92355144,0.9952962,0.8835862,0.97005385,0.95985913,0.93104684,0.90662426,0.9349955,0.98717827,0.9801433,0.9688566,0.98659676,0.98717827,0.98672146,0.9997279,0.9955673,0.8394785,0.9952976,0.9933453,0.9956423,0.97211295,0.8553263,0.9987424,0.98652375,0.9982749,0.88005924,0.9877852,0.99999917,0.9764159,0.99101084,0.95507425,0.99997336,0.9999975,0.9534011,0.98958486,0.99999654,0.99900645,0.97264737,0.9999052,0.9998102,0.99849325,0.98881495,0.9910928,0.99993926,0.9979111,0.84387076,0.99955624,0.97833496,0.8172324,0.9707321,0.9997524,0.9725618,0.9999967,0.91093135,0.9332066,0.9413928,0.9994113,0.9107983,0.99999404,0.9974687,0.9055941,0.9008608,0.9997845,0.99961644,0.8485219,0.91528213,0.9992009,0.99979275,0.99972856,0.8479061,0.9173223,0.8875395,0.8589063,0.992831,0.8781644,0.8196594,0.8569628,0.92645025,0.8580345,0.93116176,0.9835734,0.99982315,0.9999983,0.98717827,0.9233352,0.98303735,0.9290085,0.9998597,0.9921961,0.9560279,0.8993128,0.9049583,0.90175736,0.91987884,0.999115,0.9881949,0.8386472,0.98261565,0.89616793,0.9148387,0.88432574,0.88423526,0.9635868,0.9998156,0.98576456,0.98852277,0.98410815,0.997038,0.9740696,0.9963193,0.96756256,0.93065983,0.88041127,0.9711676,0.96769863,0.92724913,0.9536686,0.9536928,0.9988278,0.9423417,0.86832213,0.8826059,0.9418359,0.87501216,0.93934625,0.93836933,0.98615867,0.9268759,0.983021,0.98165584,0.8850188,0.9294024,0.99850184,0.94577634,0.9084925,0.87654734,0.8204133,0.9367299,0.9288571,0.9431208,0.81464887,0.9241898,0.85999125,0.8736293,0.9039973,0.9616364,0.9591353,0.9560017,0.9027886,0.85010946,0.9478028,0.8474958,0.97012866,0.97433466,0.75621283
0.9053948,0.99832803,0.9532433,0.8939213,0.90528953,0.81386113,0.85184896,0.9036319,0.957726,0.9999336,0.9576491,0.98403686,0.81824255,0.8900339,0.97974616,0.83996344,0.94586444,0.9451911,0.91045684,0.9167546,0.9538252,0.9333735,0.99287957,0.96369576,0.8985995,0.99997234,0.9235561,0.83146024,0.99953246,0.96467644,0.9328834,0.88790274,0.8880429,0.9997952,0.949911,0.965709,0.8734422,0.9889211,0.9944273,0.9998441,0.9222814,0.9995716,0.91007704,0.9154382,0.9952668,0.87290406,0.94743305,0.95863205,0.92060286,0.89491737,0.923397,0.98690295,0.9648942,0.9648745,0.9857685,0.98690295,0.9833412,0.9997253,0.9911566,0.82412326,0.9948947,0.9928303,0.99335927,0.9695265,0.8363023,0.99865586,0.9831092,0.99823236,0.8608204,0.9873052,0.9999984,0.95861644,0.9907817,0.9480638,0.9999732,0.9999951,0.931588,0.9887491,0.99999654,0.99899787,0.9540827,0.99981385,0.9997669,0.99841887,0.98827624,0.9907446,0.9998895,0.9959991,0.82902443,0.9995536,0.96568066,0.8025866,0.95520914,0.9997504,0.9682411,0.9999938,0.9016365,0.9195893,0.9326985,0.99898,0.89867646,0.9999887,0.99507415,0.893282,0.89059407,0.9995692,0.9996149,0.8362478,0.89379495,0.9984998,0.9995855,0.9997275,0.8374331,0.89672375,0.87614876,0.8348677,0.9858717,0.86571455,0.80341536,0.8307691,0.9098457,0.8440514,0.9111398,0.9823099,0.99982196,0.9999967,0.98690295,0.913964,0.9818049,0.9259077,0.99972147,0.9919652,0.9380085,0.8921976,0.89136714,0.8861196,0.9056088,0.99837416,0.9785305,0.8243858,0.9815506,0.8887567,0.8960759,0.8739245,0.8743011,0.95023024,0.9996341,0.97610795,0.98800457,0.9830169,0.9940807,0.97120494,0.99613464,0.9504567,0.9212937,0.85308003,0.9482613,0.93552405,0.91808385,0.9429113,0.936865,0.99770194,0.9390386,0.8483121,0.86082494,0.9332355,0.8535757,0.922353,0.9316018,0.97432107,0.9165348,0.96982276,0.9710163,0.86327666,0.9222082,0.9984309,0.9433073,0.8945782,0.85575795,0.8156055,0.9328759,0.92457026,0.9391837,0.80005395,0.92058086,0.8458843,0.86208075,0.88755304,0.94249195,0.9566402,0.9366734,0.89785093,0.83766276,0.94428915,0.838274,0.9546416,0.95206267,0.73800004
0.9013254,0.9974934,0.95008427,0.8847069,0.88961375,0.7985127,0.8418405,0.8839451,0.9552716,0.99993336,0.94793534,0.98318714,0.805288,0.88208574,0.9793695,0.8254238,0.92659354,0.92676294,0.90121055,0.88768536,0.9457244,0.9000608,0.9924822,0.9629698,0.8910389,0.99995846,0.9178287,0.8187288,0.9995251,0.9610115,0.9243115,0.87148273,0.87490755,0.9996928,0.9431429,0.9502895,0.86062294,0.98469585,0.9941118,0.9997661,0.9177346,0.9993681,0.9026691,0.90732497,0.9952374,0.8622219,0.9248122,0.957405,0.9101589,0.88321054,0.9117986,0.9866276,0.9496451,0.96089244,0.9849403,0.9866276,0.97996104,0.9997226,0.9867458,0.808768,0.99449176,0.9923153,0.9910762,0.9669401,0.8172783,0.99856937,0.97969466,0.99818975,0.84158164,0.9868253,0.99999756,0.94081694,0.99055266,0.94105333,0.999973,0.9999927,0.90977484,0.9879133,0.99999654,0.9989893,0.9355181,0.9997225,0.99972355,0.9983445,0.9877375,0.9903963,0.9998397,0.9940871,0.8141781,0.99955094,0.9530264,0.7879409,0.9396861,0.99974835,0.9639205,0.9999908,0.8923416,0.9059719,0.9240042,0.99854875,0.8865546,0.99998325,0.9926796,0.8809699,0.8803274,0.99935377,0.99961334,0.82397366,0.87230784,0.9977987,0.99937826,0.9997265,0.82695997,0.8761253,0.8647581,0.81082916,0.9789124,0.8532647,0.78717136,0.80457544,0.89324117,0.83006835,0.8911178,0.98104644,0.99982077,0.9999952,0.9866276,0.90459275,0.9805724,0.9228068,0.99958324,0.99173427,0.91998905,0.88508236,0.87777597,0.8704819,0.89133877,0.9976334,0.9688661,0.81012446,0.9804855,0.8813454,0.8773131,0.8635233,0.8643668,0.9368737,0.99945253,0.9664514,0.9874863,0.98192567,0.9911234,0.9683403,0.99595004,0.93335074,0.9119275,0.82574874,0.92535496,0.90334946,0.90891856,0.93215406,0.92003715,0.9965761,0.93573546,0.82830197,0.839044,0.9246351,0.8321394,0.9053598,0.92483425,0.96248347,0.90619373,0.95662457,0.9603768,0.8415345,0.915014,0.99836,0.9408382,0.8806639,0.83496857,0.8107977,0.92902184,0.9202835,0.9352466,0.78545916,0.91697186,0.8317774,0.85053223,0.8711088,0.9233474,0.95414513,0.9173451,0.8929133,0.8252161,0.9407755,0.8290523,0.93915445,0.9297907,0.7197871
0.89725596,0.9966588,0.9469252,0.8754925,0.8739379,0.78316426,0.83183205,0.8642583,0.9528172,0.99993306,0.9382216,0.98233736,0.7923335,0.87413764,0.97899294,0.8108841,0.90732265,0.90833473,0.8919642,0.8586162,0.9376237,0.86674803,0.99208474,0.9622438,0.88347834,0.9999446,0.91210127,0.8059974,0.9995178,0.9573466,0.91573966,0.85506284,0.8617722,0.9995904,0.93637484,0.93487,0.8478038,0.98047066,0.9937962,0.9996881,0.9131879,0.9991645,0.89526105,0.8992117,0.995208,0.85153973,0.9021914,0.9561779,0.89971495,0.87150365,0.9002002,0.98635226,0.93439597,0.9569103,0.984112,0.98635226,0.9765808,0.99972,0.98233503,0.7934127,0.9940889,0.99180025,0.98879313,0.9643537,0.7982544,0.9984828,0.9762801,0.99814713,0.8223429,0.9863453,0.9999968,0.92301744,0.99032354,0.9340428,0.9999729,0.9999904,0.8879617,0.98707753,0.99999654,0.9989807,0.9169535,0.99963105,0.9996802,0.9982701,0.9871987,0.9900481,0.99978995,0.99217504,0.7993318,0.9995483,0.9403721,0.7732952,0.92416316,0.9997464,0.9595998,0.99998784,0.8830467,0.89235455,0.9153099,0.9981175,0.87443274,0.9999778,0.99028504,0.8686577,0.8700607,0.9991384,0.9996118,0.81169957,0.8508207,0.9970976,0.999171,0.9997254,0.81648695,0.8555268,0.8533673,0.78679055,0.9719531,0.8408148,0.7709273,0.7783817,0.87663656,0.8160852,0.8710958,0.97978294,0.9998196,0.9999936,0.98635226,0.8952215,0.97933996,0.919706,0.999445,0.99150336,0.9019697,0.8779671,0.86418486,0.8548442,0.87706876,0.9968926,0.95920175,0.79586303,0.9794204,0.8739341,0.8585503,0.85312206,0.85443264,0.92351717,0.99927104,0.95679486,0.98696804,0.9808344,0.9881661,0.9654757,0.9957654,0.91624486,0.90256137,0.79841745,0.90244865,0.8711749,0.8997533,0.9213968,0.9032094,0.99545026,0.93243235,0.8082919,0.817263,0.9160347,0.8107029,0.88836664,0.91806674,0.95064586,0.8958527,0.9434264,0.94973725,0.8197924,0.90781975,0.99828905,0.93836915,0.8667496,0.81417924,0.80598986,0.9251678,0.9159967,0.9313095,0.7708643,0.91336286,0.81767046,0.83898365,0.85466456,0.90420294,0.95165,0.8980168,0.8879757,0.8127695,0.93726194,0.81983054,0.9236674,0.9075187,0.7015743
0.89318657,0.99582416,0.9437662,0.8662781,0.8582621,0.7678158,0.8218236,0.8445714,0.9503628,0.9999328,0.9285078,0.98148763,0.7793789,0.8661895,0.97861636,0.7963445,0.88805175,0.8899065,0.8827179,0.8295469,0.9295229,0.8334353,0.99168736,0.96151775,0.87591773,0.9999308,0.90637386,0.79326594,0.99951047,0.9536817,0.9071678,0.8386429,0.84863687,0.999488,0.9296068,0.9194505,0.83498454,0.97624546,0.9934807,0.9996101,0.9086412,0.99896103,0.887853,0.89109844,0.9951786,0.84085757,0.87957054,0.9549508,0.889271,0.8597968,0.8886018,0.98607695,0.91914684,0.95292825,0.98328376,0.98607695,0.9732006,0.99971735,0.9779242,0.7780574,0.99368596,0.99128526,0.98651004,0.96176726,0.77923036,0.99839634,0.9728656,0.9981046,0.8031041,0.98586535,0.99999595,0.905218,0.9900944,0.92703235,0.9999727,0.999988,0.8661486,0.98624176,0.99999654,0.9989721,0.89838886,0.9995397,0.99963695,0.9981957,0.98665994,0.98969984,0.9997402,0.99026304,0.78448546,0.99954563,0.9277178,0.7586495,0.90864015,0.99974436,0.9552791,0.9999849,0.8737518,0.8787372,0.9066156,0.99768627,0.8623109,0.99997246,0.9878905,0.8563456,0.859794,0.99892306,0.99961025,0.7994255,0.8293336,0.99639654,0.99896383,0.9997244,0.8060139,0.8349283,0.84197664,0.76275194,0.96499383,0.82836497,0.7546833,0.752188,0.860032,0.8021021,0.8510738,0.9785195,0.9998184,0.9999921,0.98607695,0.8858502,0.9781075,0.9166051,0.9993068,0.99127245,0.88395023,0.8708519,0.8505937,0.8392065,0.8627987,0.99615175,0.9495374,0.78160167,0.97835535,0.8665228,0.8397875,0.84272087,0.8444984,0.9101606,0.99908954,0.94713825,0.9864498,0.9797431,0.98520875,0.962611,0.99558073,0.899139,0.8931953,0.7710862,0.87954235,0.8390003,0.8905879,0.91063946,0.88638157,0.9943244,0.92912924,0.7882818,0.79548204,0.90743434,0.7892666,0.8713734,0.9112992,0.9388083,0.88551164,0.9302282,0.93909776,0.7980502,0.9006256,0.9982181,0.9359001,0.8528353,0.79338986,0.8011821,0.92131376,0.91170985,0.92737246,0.75626945,0.9097539,0.80356354,0.82743514,0.8382203,0.8850584,0.9491549,0.8786885,0.88303804,0.80032283,0.9337483,0.81060886,0.90818024,0.88524675,0.6833615
0.8761529,0.9958235,0.9416538,0.86249757,0.8571511,0.76255834,0.81726915,0.84354806,0.9463276,0.9999328,0.92344993,0.98135436,0.776902,0.8574166,0.9783102,0.7958698,0.8869909,0.88808525,0.8718729,0.8187091,0.9289661,0.8334226,0.9916667,0.9606313,0.86966884,0.99898636,0.9045594,0.7928508,0.9995099,0.9533306,0.9021783,0.8379635,0.84602004,0.99844354,0.9277424,0.91584176,0.8324347,0.9706258,0.9934662,0.99961007,0.90519893,0.99085164,0.8738896,0.88887,0.99515885,0.83504784,0.87908125,0.9538317,0.8847001,0.858216,0.8885711,0.9859438,0.9191136,0.9526743,0.98314005,0.9859438,0.9691254,0.9997171,0.97788215,0.7774732,0.99292517,0.9912541,0.9777451,0.9611159,0.77245003,0.99839014,0.9570051,0.99803966,0.7985835,0.9857335,0.99999595,0.903852,0.989799,0.9264072,0.9999727,0.9891649,0.86367214,0.9861803,0.99999654,0.99897116,0.889202,0.9983393,0.9996342,0.9981614,0.98647356,0.98966324,0.9997398,0.9902621,0.782081,0.9995454,0.9277141,0.7581846,0.9084743,0.99974424,0.9550799,0.98870355,0.870591,0.8771978,0.9058328,0.9976771,0.8603064,0.9869726,0.9806189,0.85586756,0.8592601,0.9987205,0.99960995,0.7983981,0.828191,0.9902587,0.9989557,0.99972427,0.8019232,0.8343927,0.84026307,0.761378,0.964687,0.82556003,0.7505362,0.7321627,0.8587392,0.80171007,0.85072553,0.978385,0.99981827,0.9891812,0.9859438,0.8834212,0.9778618,0.9097633,0.99387705,0.9912353,0.88373935,0.867519,0.8499099,0.83702695,0.8605661,0.9865031,0.9495138,0.7784766,0.9781039,0.85961944,0.83797747,0.8364317,0.83520913,0.90881705,0.995837,0.9470695,0.9863993,0.979641,0.9852008,0.9623323,0.99556905,0.8986455,0.887439,0.7572042,0.8681553,0.83835125,0.8850374,0.8976184,0.87816834,0.9943224,0.92467713,0.7775932,0.77958643,0.8983947,0.77334815,0.8673944,0.9046168,0.9346396,0.8832866,0.92505753,0.92823637,0.7842246,0.89456284,0.99228007,0.9347406,0.8502462,0.78880364,0.79955685,0.92012644,0.910529,0.92648673,0.7551506,0.8919522,0.79801434,0.8245024,0.83637017,0.8849621,0.9486043,0.8785894,0.87461174,0.7890733,0.9219161,0.8075235,0.9075868,0.88505983,0.6786209
0.8591192,0.99582285,0.9395414,0.8587171,0.8560401,0.75730085,0.81271476,0.84252477,0.94229245,0.99993277,0.91839206,0.98122114,0.77442515,0.8486437,0.9780041,0.7953951,0.88593006,0.886264,0.8610279,0.8078712,0.9284093,0.8334099,0.99164605,0.9597448,0.8634199,0.9980419,0.9027448,0.7924357,0.9995093,0.95297945,0.8971888,0.83728415,0.8434032,0.99739903,0.92587805,0.91223294,0.8298849,0.96500623,0.99345165,0.99961,0.9017567,0.98274225,0.8599262,0.8866416,0.9951391,0.8292381,0.87859195,0.95271254,0.8801292,0.85663515,0.8885404,0.98581064,0.9190803,0.95242035,0.98299634,0.98581064,0.96505016,0.99971694,0.97784007,0.7768891,0.99216443,0.99122286,0.96898013,0.9604646,0.7656697,0.998384,0.9411445,0.9979748,0.79406285,0.9856017,0.99999595,0.902486,0.9895036,0.925782,0.9999727,0.97834176,0.8611957,0.98611885,0.99999654,0.99897015,0.88001513,0.9971389,0.9996315,0.998127,0.9862872,0.9896266,0.9997394,0.9902611,0.7796766,0.99954516,0.9277105,0.7577197,0.9083085,0.9997441,0.9548807,0.9774222,0.8674302,0.8756584,0.90505,0.9976679,0.8583019,0.9739727,0.9733473,0.85538954,0.85872626,0.99851805,0.99960965,0.7973707,0.82704836,0.9841208,0.9989476,0.99972415,0.79783255,0.8338571,0.8385495,0.76000404,0.9643802,0.8227551,0.74638903,0.71213734,0.8574464,0.80131805,0.8503773,0.9782505,0.9998182,0.97837037,0.98581064,0.8809922,0.9776162,0.9029214,0.98844725,0.99119824,0.88352853,0.86418617,0.84922624,0.8348474,0.85833347,0.9768545,0.94949025,0.7753515,0.9778524,0.852716,0.8361674,0.8301425,0.8259198,0.90747344,0.9925844,0.94700074,0.9863488,0.9795389,0.9851929,0.96205366,0.99555737,0.8981521,0.88168275,0.74332213,0.85676825,0.83770216,0.87948686,0.88459736,0.86995506,0.99432045,0.920225,0.7669046,0.76369077,0.88935506,0.7574297,0.86341536,0.8979344,0.9304708,0.88106155,0.9198869,0.91737497,0.770399,0.88850015,0.98634195,0.9335811,0.8476571,0.7842174,0.7979317,0.91893905,0.9093482,0.925601,0.7540318,0.8741505,0.79246515,0.8215696,0.83452004,0.8848657,0.9480536,0.87849027,0.86618555,0.7778238,0.9100839,0.8044381,0.9069934,0.8848729,0.67388034
0.8420855,0.99582225,0.9374291,0.85493654,0.8549291,0.75204337,0.8081603,0.8415014,0.93825734,0.99993277,0.91333425,0.9810879,0.77194834,0.83987087,0.977698,0.7949204,0.8848692,0.88444275,0.8501829,0.7970333,0.92785245,0.83339727,0.9916254,0.9588584,0.85717094,0.9970975,0.90093035,0.79202056,0.9995087,0.9526283,0.8921993,0.8366048,0.8407864,0.9963545,0.9240136,0.9086241,0.8273351,0.9593866,0.9934372,0.99960995,0.8983145,0.97463286,0.8459628,0.8844132,0.9951194,0.8234284,0.87810266,0.95159346,0.8755583,0.8550543,0.88850975,0.98567754,0.919047,0.95216644,0.98285264,0.98567754,0.96097493,0.9997167,0.9777979,0.77630496,0.9914037,0.9911917,0.9602152,0.95981324,0.7588894,0.99837786,0.925284,0.9979099,0.7895422,0.98546994,0.99999595,0.90112007,0.9892082,0.92515683,0.9999727,0.9675186,0.8587192,0.98605746,0.99999654,0.99896914,0.8708283,0.9959385,0.99962884,0.9980926,0.9861008,0.98959,0.99973905,0.9902601,0.7772722,0.9995449,0.9277068,0.75725484,0.9081426,0.999744,0.9546815,0.96614087,0.8642694,0.874119,0.9042672,0.9976587,0.8562974,0.9609728,0.9660757,0.8549115,0.8581924,0.9983156,0.99960935,0.79634327,0.82590574,0.97798294,0.9989395,0.99972403,0.7937419,0.8333216,0.836836,0.75863004,0.9640734,0.8199501,0.74224186,0.69211197,0.85615355,0.8009261,0.8500291,0.97811604,0.9998181,0.9675595,0.98567754,0.8785631,0.9773705,0.89607954,0.9830175,0.9911611,0.8833177,0.86085325,0.84854245,0.8326678,0.85610086,0.9672059,0.9494667,0.77222645,0.97760093,0.8458127,0.8343574,0.8238533,0.81663054,0.9061299,0.98933184,0.946932,0.9862983,0.9794368,0.98518497,0.96177495,0.9955457,0.89765865,0.8759265,0.7294401,0.8453812,0.8370531,0.8739363,0.8715763,0.86174184,0.9943185,0.9157729,0.75621593,0.7477951,0.88031536,0.74151134,0.8594363,0.8912519,0.9263021,0.8788365,0.91471624,0.9065135,0.7565733,0.88243747,0.98040384,0.9324217,0.845068,0.7796312,0.7963064,0.9177517,0.90816736,0.9247153,0.7529129,0.85634875,0.78691596,0.8186369,0.83267,0.8847694,0.947503,0.87839115,0.85775924,0.7665743,0.89825165,0.80135274,0.90639997,0.884686,0.66913974
0.82505184,0.9958216,0.9353167,0.851156,0.8538181,0.7467859,0.8036059,0.84047806,0.93422216,0.99993277,0.9082764,0.98095465,0.7694714,0.83109796,0.9773919,0.7944457,0.8838083,0.88262147,0.8393379,0.7861955,0.9272956,0.8333846,0.99160475,0.9579719,0.850922,0.99615306,0.89911586,0.7916055,0.999508,0.9522772,0.8872098,0.83592546,0.8381696,0.99531007,0.9221493,0.90501535,0.8247853,0.95376694,0.9934226,0.9996099,0.89487225,0.96652347,0.8319994,0.88218474,0.9950996,0.8176186,0.87761337,0.9504743,0.8709874,0.85347354,0.88847905,0.9855444,0.91901374,0.95191246,0.9827089,0.9855444,0.9568997,0.99971646,0.97775584,0.7757208,0.9906429,0.9911605,0.9514502,0.95916194,0.75210905,0.99837166,0.90942353,0.99784505,0.7850216,0.98533815,0.99999595,0.8997541,0.9889128,0.92453164,0.99997264,0.9566955,0.8562428,0.985996,0.99999654,0.9989682,0.8616414,0.9947381,0.99962616,0.9980582,0.9859144,0.98955333,0.9997387,0.9902592,0.7748678,0.9995447,0.9277031,0.7567899,0.9079768,0.9997439,0.9544823,0.9548595,0.86110854,0.8725796,0.90348434,0.99764955,0.85429287,0.9479729,0.95880413,0.8544334,0.8576585,0.9981131,0.99960905,0.79531586,0.8247632,0.97184503,0.9989314,0.9997239,0.7896512,0.83278596,0.8351224,0.75725615,0.96376663,0.8171452,0.7380947,0.67208666,0.8548607,0.800534,0.84968084,0.9779815,0.999818,0.95674866,0.9855444,0.8761341,0.9771248,0.8892377,0.9775877,0.99112403,0.8831069,0.8575204,0.8478588,0.83048826,0.85386825,0.95755726,0.94944316,0.7691014,0.97734946,0.83890927,0.8325473,0.81756413,0.8073412,0.9047863,0.9860793,0.94686323,0.98624784,0.9793347,0.985177,0.96149623,0.995534,0.89716524,0.87017024,0.71555805,0.83399415,0.8364041,0.8683858,0.85855526,0.8535286,0.9943165,0.9113208,0.7455273,0.7318995,0.8712757,0.7255929,0.8554573,0.8845695,0.9221333,0.8766115,0.9095456,0.8956521,0.74274766,0.8763748,0.9744657,0.9312622,0.84247893,0.775045,0.7946812,0.9165644,0.9069865,0.92382956,0.75179404,0.83854705,0.78136677,0.8157041,0.83081985,0.884673,0.94695234,0.878292,0.849333,0.7553248,0.8864195,0.79826736,0.90580654,0.8844991,0.66439915
0.80801815,0.99582094,0.9332043,0.8473755,0.8527071,0.7415284,0.79905146,0.83945477,0.930187,0.9999327,0.9032185,0.98082143,0.7669946,0.8223251,0.97708577,0.79397094,0.8827475,0.8808002,0.8284929,0.7753576,0.92673886,0.8333719,0.9915841,0.9570854,0.8446731,0.9952086,0.8973014,0.7911904,0.9995074,0.95192605,0.88222027,0.8352461,0.83555275,0.99426556,0.92028487,0.9014065,0.82223547,0.9481473,0.9934081,0.9996098,0.89143,0.9584141,0.818036,0.8799563,0.9950799,0.8118089,0.8771241,0.9493552,0.8664166,0.8518927,0.88844836,0.9854113,0.9189804,0.95165855,0.98256516,0.9854113,0.9528245,0.9997162,0.9777137,0.7751366,0.9898822,0.99112934,0.94268525,0.9585106,0.7453287,0.9983655,0.893563,0.99778014,0.780501,0.98520637,0.99999595,0.89838815,0.9886174,0.92390645,0.99997264,0.94587237,0.8537663,0.98593456,0.99999654,0.9989672,0.85245454,0.9935377,0.9996235,0.99802387,0.985728,0.98951674,0.9997383,0.99025816,0.7724634,0.99954444,0.9276994,0.756325,0.907811,0.99974376,0.9542831,0.9435781,0.8579477,0.87104017,0.90270156,0.9976403,0.85228837,0.934973,0.9515325,0.8539554,0.8571246,0.9979106,0.99960876,0.79428846,0.82362056,0.9657072,0.9989233,0.9997238,0.78556055,0.83225036,0.83340883,0.75588214,0.96345985,0.81434023,0.7339475,0.65206134,0.8535679,0.80014205,0.84933263,0.97784704,0.99981797,0.9459378,0.9854113,0.873705,0.9768792,0.8823958,0.97215796,0.9910869,0.88289607,0.8541875,0.847175,0.8283087,0.85163563,0.94790864,0.9494196,0.7659763,0.977098,0.83200586,0.8307373,0.81127495,0.79805195,0.90344274,0.9828267,0.9467945,0.98619735,0.97923255,0.98516905,0.9612176,0.9955223,0.8966718,0.864414,0.70167595,0.8226071,0.835755,0.8628352,0.8455342,0.84531534,0.99431455,0.9068687,0.7348387,0.71600384,0.8622361,0.7096745,0.8514782,0.87788707,0.9179646,0.8743864,0.90437496,0.8847907,0.72892207,0.8703121,0.9685277,0.9301027,0.8398898,0.77045876,0.79305595,0.9153771,0.90580565,0.92294383,0.7506752,0.82074535,0.7758175,0.8127713,0.8289697,0.8845767,0.94640166,0.8781929,0.84090674,0.7440753,0.87458724,0.795182,0.9052131,0.88431215,0.65965855
0.7937286,0.9955809,0.9153795,0.7993481,0.83580106,0.7178454,0.75607157,0.82008517,0.9076671,0.9999219,0.88619316,0.97297215,0.72399926,0.8045739,0.9716517,0.7493037,0.86417824,0.86935395,0.8128233,0.7697942,0.90667695,0.8333529,0.9883251,0.9492422,0.8298872,0.99520826,0.8578209,0.74411714,0.99938166,0.93295884,0.8527411,0.81190205,0.8037503,0.99426526,0.8931753,0.89885056,0.8021407,0.9457155,0.99060047,0.9996098,0.88203,0.95817345,0.80569893,0.8346933,0.9940612,0.77819407,0.8761079,0.9391626,0.8506165,0.7862414,0.8689425,0.9767855,0.9086124,0.9328252,0.97885674,0.9767855,0.94949746,0.9996291,0.9776948,0.7337692,0.9887408,0.9883786,0.93793607,0.94932234,0.72190136,0.9979725,0.88479584,0.99754435,0.76103914,0.9833341,0.9999959,0.8817917,0.9869939,0.9117203,0.9999651,0.9458703,0.83235526,0.9803903,0.99999636,0.99852955,0.83654445,0.99352926,0.9996045,0.9979447,0.9751342,0.9873344,0.9995128,0.9902091,0.72985315,0.9995039,0.92111087,0.709924,0.8953214,0.99972165,0.94033945,0.94356984,0.8169572,0.8498,0.8845364,0.9953182,0.8403681,0.9349623,0.95121783,0.81958836,0.8341964,0.99790174,0.9995379,0.75008243,0.80052537,0.9646642,0.99892306,0.9997016,0.762756,0.8146808,0.81965375,0.7348282,0.96020734,0.78296274,0.7013533,0.6410675,0.83023715,0.7578283,0.8252251,0.9672096,0.9997977,0.9459349,0.9767855,0.84494716,0.967915,0.86190426,0.9720671,0.98935616,0.8597871,0.8233148,0.80454403,0.8055647,0.8224032,0.9467794,0.939307,0.73827577,0.96930486,0.8115676,0.8138348,0.7722344,0.7797214,0.8788712,0.9827558,0.9367014,0.9784281,0.96775764,0.984368,0.9478809,0.99348813,0.87012327,0.85597026,0.693277,0.82121325,0.8349522,0.8516524,0.8370133,0.8362669,0.9942931,0.90159154,0.7254286,0.7055037,0.85119265,0.6994486,0.8314104,0.8737861,0.9105984,0.85606813,0.8954332,0.8787157,0.718617,0.8650283,0.96819025,0.9224299,0.82598644,0.7495978,0.7768255,0.90614796,0.8881913,0.90176624,0.7054685,0.8115373,0.7484207,0.7837066,0.81731886,0.8768241,0.9311707,0.8593138,0.83447933,0.7315221,0.8686451,0.77248836,0.89458185,0.8816338,0.6475042
0.7794391,0.99534094,0.89755476,0.75132084,0.818895,0.6941623,0.7130916,0.80071557,0.88514715,0.9999111,0.86916786,0.9651229,0.6810039,0.7868226,0.96621764,0.70463645,0.845609,0.8579077,0.7971538,0.7642309,0.88661504,0.833334,0.9850661,0.941399,0.8151013,0.9952079,0.81834054,0.69704396,0.99925584,0.9139917,0.823262,0.78855795,0.77194774,0.99426496,0.86606574,0.89629453,0.7820459,0.9432837,0.98779285,0.9996098,0.87263,0.95793283,0.7933618,0.7894304,0.99304247,0.7445792,0.8750917,0.9289701,0.83481646,0.7205902,0.8494367,0.9681597,0.89824426,0.9139919,0.9751484,0.9681597,0.9461705,0.99954194,0.9776759,0.69240177,0.9875994,0.9856278,0.9331868,0.9401341,0.69847405,0.99757946,0.8760288,0.99730855,0.74157727,0.9814619,0.9999959,0.8651952,0.9853704,0.8995341,0.9999575,0.94586813,0.81094414,0.97484607,0.9999962,0.99809194,0.82063437,0.99352086,0.99958557,0.9978656,0.96454036,0.98515207,0.9992873,0.99016,0.687243,0.9994633,0.9145224,0.6635231,0.88283193,0.99969953,0.9263958,0.9435615,0.77596664,0.8285599,0.8663713,0.992996,0.82844776,0.93495154,0.9509032,0.7852213,0.8112681,0.9978928,0.999467,0.70587635,0.7774302,0.9636212,0.9989228,0.9996795,0.7399515,0.7971113,0.8058986,0.7137742,0.95695484,0.7515852,0.6687591,0.6300736,0.8069064,0.71551454,0.80111754,0.9565721,0.99977744,0.9459319,0.9681597,0.8161893,0.9589509,0.8414127,0.9719763,0.9876254,0.83667815,0.792442,0.76191306,0.7828207,0.7931707,0.94565004,0.92919433,0.7105752,0.96151173,0.79112935,0.7969322,0.7331938,0.76139075,0.8542996,0.9826848,0.9266083,0.97065896,0.95628273,0.983567,0.93454427,0.991454,0.84357476,0.8475266,0.684878,0.81981933,0.8341493,0.84046954,0.8284924,0.82721835,0.99427164,0.89631444,0.71601844,0.6950035,0.8401493,0.6892227,0.8113426,0.86968505,0.90323216,0.8377498,0.8864915,0.8726406,0.708312,0.85974455,0.9678529,0.9147571,0.81208307,0.7287369,0.76059496,0.8969189,0.87057686,0.8805887,0.66026175,0.8023293,0.7210239,0.7546419,0.805668,0.8690715,0.9159397,0.8404347,0.8280519,0.7189688,0.8627029,0.7497947,0.88395053,0.87895554,0.63534987
0.76514953,0.9951009,0.87973,0.70329344,0.80198896,0.6704793,0.67011166,0.78134596,0.86262727,0.9999003,0.8521426,0.9572736,0.6380086,0.7690714,0.96078354,0.6599692,0.8270398,0.8464615,0.7814842,0.7586675,0.8665531,0.8333151,0.9818071,0.93355584,0.80031544,0.9952076,0.7788601,0.64997077,0.9991301,0.8950245,0.79378283,0.7652139,0.7401452,0.99426466,0.8389562,0.8937385,0.7619511,0.94085187,0.98498523,0.9996098,0.86323005,0.95769227,0.7810247,0.7441673,0.9920237,0.7109643,0.8740755,0.9187775,0.81901634,0.65493894,0.82993084,0.95953393,0.88787615,0.89515865,0.97143996,0.95953393,0.9428435,0.9994548,0.977657,0.6510343,0.986458,0.98287696,0.9284376,0.9309459,0.6750467,0.9971864,0.86726165,0.9970727,0.7221154,0.9795897,0.9999958,0.8485988,0.9837469,0.8873479,0.99994993,0.945866,0.789533,0.9693018,0.999996,0.9976543,0.8047242,0.9935124,0.9995667,0.9977865,0.9539466,0.98296976,0.9990618,0.9901109,0.6446328,0.9994228,0.9079339,0.61712205,0.8703424,0.99967736,0.9124521,0.9435532,0.73497605,0.80731976,0.84820616,0.9906738,0.8165274,0.9349408,0.9505885,0.75085425,0.7883398,0.9978839,0.9993962,0.6616703,0.754335,0.9625782,0.9989225,0.99965733,0.717147,0.77954173,0.79214346,0.6927202,0.95370233,0.7202077,0.6361649,0.61907977,0.78357565,0.6732008,0.77700996,0.9459347,0.9997572,0.945929,0.95953393,0.78743136,0.9499867,0.8209212,0.9718854,0.9858947,0.8135692,0.76156926,0.71928203,0.7600767,0.7639382,0.9445208,0.9190817,0.6828747,0.95371854,0.77069104,0.78002965,0.69415325,0.7430601,0.82972807,0.9826138,0.91651523,0.9628898,0.9448078,0.982766,0.92120767,0.9894198,0.81702626,0.83908296,0.676479,0.8184255,0.8333464,0.8292867,0.8199715,0.8181699,0.9942502,0.8910373,0.7066083,0.6845034,0.82910585,0.67899686,0.7912748,0.865584,0.8958659,0.8194315,0.8775497,0.8665656,0.6980069,0.85446084,0.96751547,0.9070842,0.7981797,0.7078759,0.7443645,0.88768977,0.8529625,0.8594112,0.6150551,0.79312134,0.6936271,0.72557724,0.7940172,0.86131895,0.90070873,0.82155555,0.82162446,0.70641553,0.85676074,0.7271011,0.8733192,0.8762772,0.6231956
0.75086,0.9948609,0.8619052,0.65526617,0.78508294,0.6467962,0.6271317,0.76197636,0.8401073,0.9998895,0.8351172,0.9494243,0.5950133,0.7513201,0.9553495,0.6153019,0.8084706,0.83501524,0.7658146,0.75310415,0.8464912,0.8332962,0.97854817,0.92571265,0.7855296,0.99520725,0.73937964,0.6028975,0.9990043,0.8760573,0.7643037,0.7418698,0.7083427,0.99426436,0.8118466,0.89118254,0.7418563,0.93842006,0.9821776,0.9996098,0.85383004,0.95745164,0.7686876,0.6989044,0.991005,0.67734945,0.8730593,0.90858495,0.80321634,0.58928764,0.81042504,0.9509081,0.87750804,0.8763253,0.96773154,0.9509081,0.93951654,0.9993677,0.9776381,0.6096668,0.9853166,0.9801262,0.9236884,0.9217576,0.6516193,0.99679345,0.8584945,0.9968369,0.7026535,0.97771746,0.9999958,0.8320023,0.9821234,0.8751617,0.9999423,0.94586384,0.7681219,0.9637575,0.9999959,0.99721664,0.78881407,0.993504,0.9995477,0.9977074,0.94335276,0.9807874,0.99883634,0.9900618,0.60202265,0.99938226,0.9013454,0.57072103,0.8578528,0.99965525,0.8985084,0.94354486,0.6939856,0.7860796,0.830041,0.9883516,0.80460715,0.9349301,0.9502738,0.71648717,0.7654115,0.99787503,0.99932534,0.6174643,0.7312398,0.9615352,0.9989223,0.99963516,0.69434243,0.7619721,0.7783884,0.67166626,0.9504499,0.68883014,0.60357064,0.6080859,0.7602449,0.63088703,0.75290245,0.93529725,0.9997369,0.9459261,0.9509081,0.7586734,0.9410226,0.80042964,0.97179455,0.98416394,0.7904602,0.73069656,0.67665106,0.7373327,0.7347057,0.94339144,0.9089691,0.65517414,0.94592535,0.7502528,0.76312715,0.6551127,0.72472954,0.8051565,0.9825428,0.9064222,0.95512056,0.9333329,0.98196495,0.907871,0.98738563,0.79047775,0.8306393,0.66808003,0.81703156,0.83254355,0.8181039,0.8114506,0.8091214,0.9942287,0.8857602,0.69719815,0.67400324,0.8180625,0.66877097,0.771207,0.86148304,0.8884997,0.8011131,0.868608,0.8604905,0.6877019,0.84917706,0.9671781,0.89941144,0.7842763,0.68701494,0.72813404,0.87846065,0.83534807,0.83823365,0.56984836,0.7839133,0.6662303,0.69651246,0.78236634,0.8535664,0.8854778,0.80267644,0.81519705,0.6938623,0.8508186,0.70440745,0.8626879,0.8735989,0.61104125
0.7365705,0.9946209,0.84408045,0.60723877,0.7681769,0.62311316,0.5841518,0.74260676,0.81758744,0.99987864,0.81809187,0.94157505,0.55201805,0.7335689,0.94991547,0.5706346,0.7899014,0.823569,0.750145,0.74754083,0.8264293,0.8332772,0.97528917,0.91786945,0.7707437,0.9952069,0.6998992,0.55582434,0.9988785,0.8570901,0.73482454,0.71852577,0.67654014,0.99426407,0.78473705,0.8886265,0.72176147,0.93598825,0.97937,0.9996098,0.84443,0.957211,0.7563505,0.6536414,0.9899863,0.6437346,0.8720431,0.8983924,0.7874162,0.5236364,0.7909192,0.9422824,0.86713994,0.857492,0.9640231,0.9422824,0.93618953,0.9992806,0.97761923,0.5682994,0.9841752,0.9773754,0.9189392,0.91256934,0.62819195,0.9964004,0.8497274,0.9966011,0.68319166,0.9758452,0.99999577,0.81540585,0.98049986,0.8629755,0.99993473,0.94586176,0.7467108,0.95821327,0.9999957,0.996779,0.772904,0.9934955,0.99952877,0.9976283,0.9327589,0.9786051,0.99861085,0.9900127,0.5594125,0.9993417,0.89475685,0.52432007,0.8453633,0.99963313,0.88456476,0.9435366,0.652995,0.7648394,0.8118758,0.9860294,0.7926868,0.93491936,0.94995916,0.6821201,0.74248326,0.9978661,0.9992545,0.5732583,0.70814466,0.9604922,0.99892205,0.99961305,0.6715379,0.7444026,0.76463324,0.65061224,0.9471974,0.6574526,0.57097644,0.59709203,0.73691416,0.5885733,0.72879493,0.9246598,0.99971664,0.94592315,0.9422824,0.72991556,0.93205845,0.7799381,0.9717037,0.9824332,0.76735127,0.6998238,0.6340201,0.71458876,0.7054732,0.9422622,0.89885646,0.6274736,0.9381322,0.7298145,0.7462246,0.6160721,0.70639896,0.780585,0.9824719,0.8963291,0.9473514,0.921858,0.9811639,0.8945344,0.9853515,0.76392925,0.82219565,0.6596811,0.8156377,0.8317407,0.806921,0.8029297,0.8000729,0.99420726,0.88048303,0.687788,0.66350305,0.8070191,0.6585451,0.75113916,0.85738206,0.88113344,0.78279483,0.8596662,0.8544154,0.67739683,0.8438933,0.9668407,0.8917386,0.7703729,0.666154,0.7119035,0.8692316,0.81773365,0.8170561,0.52464163,0.7747053,0.63883346,0.6674478,0.7707155,0.8458138,0.87024677,0.7837973,0.80876964,0.6813091,0.8448764,0.6817138,0.85205656,0.8709206,0.59888697
0.68584013,0.99427646,0.83552945,0.58223796,0.7214095,0.5852934,0.56166184,0.68878937,0.77134115,0.99987864,0.81116015,0.9413357,0.52152395,0.7221386,0.94848806,0.5162937,0.74965644,0.70844454,0.7136973,0.7322372,0.7639445,0.8218256,0.9751511,0.91641676,0.69219685,0.9164105,0.6888013,0.5373613,0.99887764,0.85324967,0.672394,0.6391833,0.6337065,0.84970754,0.7638408,0.8755511,0.66013616,0.8766734,0.9792824,0.9990372,0.83787733,0.92482847,0.6708747,0.6371108,0.98997664,0.5935996,0.8307687,0.8933548,0.7751357,0.50467145,0.7508169,0.9419069,0.8617542,0.85615367,0.9639157,0.9419069,0.9360871,0.99928033,0.9776077,0.5369344,0.9841628,0.9773056,0.91826224,0.9121238,0.5923917,0.99639356,0.849475,0.9966008,0.6717093,0.9757854,0.99999565,0.8004435,0.9803761,0.8621638,0.99993473,0.8207246,0.72144914,0.95808,0.9999957,0.9967779,0.7465762,0.9930116,0.9995245,0.9976281,0.9325487,0.97849375,0.9985814,0.98965424,0.5422679,0.99934167,0.85132796,0.5078271,0.8019098,0.9996331,0.8813083,0.77956384,0.6189344,0.74672174,0.8059357,0.9855348,0.71621037,0.78284746,0.8691824,0.60758173,0.6464873,0.99076146,0.99925447,0.55891025,0.6937462,0.89279944,0.9936564,0.99961305,0.58600277,0.6835668,0.6797911,0.62423897,0.9433596,0.6469935,0.5422312,0.5132929,0.7076927,0.57379043,0.65614665,0.92351335,0.9997166,0.77925307,0.9419069,0.71097744,0.93007976,0.76353216,0.957673,0.9823622,0.7090527,0.683321,0.61065817,0.6986064,0.684597,0.8676959,0.8770491,0.5761733,0.9365291,0.72108006,0.70908105,0.5680467,0.6838165,0.76667273,0.9527494,0.8701559,0.9468609,0.9215027,0.980031,0.8936151,0.98524296,0.7010317,0.8106947,0.63646364,0.7902922,0.82602847,0.7940879,0.78431684,0.7482825,0.99409115,0.87774265,0.60615295,0.6189078,0.7943601,0.6118418,0.7273315,0.85478973,0.85479033,0.77419627,0.83115876,0.8033844,0.6501855,0.84046537,0.96499926,0.89096963,0.7641084,0.6365342,0.70255727,0.867755,0.81581485,0.81478167,0.5140568,0.7541018,0.61577666,0.65487754,0.71891844,0.7239655,0.86769605,0.7237495,0.7906521,0.6419157,0.8348564,0.6716267,0.8261909,0.7986526,0.5386213
0.63510984,0.99393207,0.82697845,0.55723715,0.6746421,0.54747367,0.5391718,0.634972,0.72509485,0.99987864,0.8042284,0.9410963,0.49102992,0.71070826,0.9470607,0.4619528,0.7094115,0.59332,0.67724967,0.7169337,0.70145977,0.8103741,0.9750131,0.9149641,0.61365,0.8376141,0.67770326,0.5188983,0.99887675,0.8494092,0.6099634,0.5598408,0.5908729,0.705151,0.7429445,0.8624757,0.59851086,0.81735855,0.97919476,0.99846464,0.83132464,0.8924459,0.5853989,0.62058026,0.989967,0.54346466,0.7894943,0.8883171,0.7628552,0.48570645,0.7107146,0.9415315,0.85636836,0.85481536,0.96380836,0.9415315,0.9359847,0.99928015,0.9775962,0.5055694,0.98415047,0.97723573,0.91758525,0.9116782,0.5565915,0.99638677,0.8492227,0.99660057,0.6602269,0.9757255,0.9999956,0.7854811,0.9802523,0.861352,0.99993473,0.6955874,0.69618756,0.9579467,0.9999957,0.9967767,0.72024846,0.99252766,0.99952024,0.9976279,0.9323384,0.97838235,0.9985519,0.9892958,0.5251234,0.99934167,0.80789906,0.49133414,0.75845635,0.9996331,0.8780519,0.61559105,0.5848737,0.728604,0.79999554,0.9850401,0.6397339,0.6307756,0.78840566,0.5330434,0.55049133,0.9836568,0.9992544,0.5445622,0.6793478,0.8251067,0.9883908,0.999613,0.50046766,0.622731,0.59494895,0.5978657,0.9395219,0.6365346,0.51348597,0.42949378,0.6784712,0.5590076,0.5834983,0.92236686,0.9997166,0.612583,0.9415315,0.6920394,0.9281011,0.7471262,0.9436423,0.9822912,0.65075403,0.66681814,0.58729625,0.682624,0.6637207,0.79312974,0.85524166,0.52487314,0.934926,0.71234566,0.6719376,0.52002126,0.661234,0.7527604,0.92302686,0.84398264,0.9463705,0.92114735,0.9788981,0.8926958,0.9851344,0.6381341,0.7991938,0.6132463,0.7649467,0.8203162,0.7812547,0.7657039,0.6964921,0.9939751,0.87500226,0.5245179,0.5743126,0.78170115,0.5651386,0.7035238,0.8521974,0.8284473,0.76559776,0.8026513,0.7523534,0.6229743,0.83703744,0.9631579,0.8902007,0.757844,0.6069145,0.6932111,0.86627847,0.81389594,0.8125073,0.503472,0.73349833,0.5927199,0.6423073,0.6671214,0.6021172,0.8651453,0.6637018,0.7725345,0.6025222,0.82483643,0.66153955,0.8003252,0.7263845,0.47835577
0.58437955,0.9935877,0.81842744,0.53223634,0.62787473,0.5096539,0.51668185,0.5811545,0.67884856,0.99987864,0.79729664,0.94085693,0.46053588,0.6992779,0.9456333,0.4076119,0.6691666,0.47819555,0.6408019,0.7016301,0.638975,0.7989225,0.97487503,0.91351134,0.5351032,0.75881773,0.66660535,0.5004353,0.9988759,0.8455687,0.5475328,0.48049837,0.5480393,0.56059456,0.7220482,0.8494003,0.5368855,0.75804377,0.97910714,0.997892,0.82477194,0.8600633,0.49992317,0.6040497,0.98995733,0.4933297,0.7482199,0.88327944,0.75057465,0.4667415,0.6706122,0.941156,0.8509826,0.853477,0.96370095,0.941156,0.9358822,0.9992799,0.9775847,0.47420442,0.9841381,0.9771659,0.9169083,0.91123265,0.52079135,0.99638,0.8489704,0.9966003,0.64874446,0.9756656,0.9999955,0.7705188,0.9801286,0.8605403,0.99993473,0.5704503,0.670926,0.9578134,0.9999957,0.9967755,0.69392073,0.99204373,0.99951595,0.9976277,0.9321282,0.978271,0.99852246,0.9889373,0.5079789,0.9993416,0.76447016,0.47484112,0.7150029,0.999633,0.87479544,0.45161837,0.5508131,0.7104863,0.79405534,0.9845455,0.56325746,0.47870368,0.70762885,0.45850503,0.45449543,0.9765522,0.9992544,0.53021413,0.6649494,0.7574139,0.98312515,0.999613,0.41493255,0.5618952,0.5101068,0.57149243,0.93568414,0.6260755,0.48474073,0.34569466,0.6492497,0.54422474,0.51085,0.9212204,0.9997165,0.4459129,0.941156,0.67310125,0.9261225,0.7307203,0.92961156,0.98222023,0.59245545,0.6503153,0.5639344,0.66664165,0.64284456,0.71856356,0.8334343,0.4735729,0.93332285,0.70361125,0.63479406,0.47199583,0.63865155,0.7388482,0.89330435,0.8178094,0.94588,0.9207921,0.9777652,0.8917765,0.9850259,0.5752366,0.7876929,0.59002894,0.73960114,0.8146039,0.76842153,0.74709105,0.6447017,0.993859,0.8722619,0.44288284,0.52971745,0.7690422,0.5184353,0.67971617,0.8496051,0.80210423,0.7569992,0.77414376,0.70132244,0.59576297,0.83360946,0.96131647,0.8894317,0.7515795,0.5772947,0.68386483,0.8648019,0.81197715,0.8102329,0.4928872,0.7128948,0.56966317,0.629737,0.6153243,0.48026884,0.8625946,0.603654,0.75441694,0.56312877,0.8148164,0.6514524,0.7744595,0.6541165,0.41809016
0.5336492,0.9932433,0.8098765,0.5072355,0.5811074,0.47183424,0.49419188,0.5273371,0.6326023,0.99987864,0.7903649,0.94061756,0.4300418,0.68784755,0.94420594,0.35327095,0.62892175,0.36307108,0.60435426,0.6863266,0.57649016,0.7874709,0.97473705,0.91205865,0.45655638,0.68002135,0.6555074,0.48197228,0.998875,0.84172827,0.48510224,0.4011559,0.5052057,0.41603804,0.70115197,0.8363249,0.4752602,0.6987289,0.9790195,0.99731946,0.81821924,0.82768077,0.41444743,0.5875191,0.98994774,0.44319475,0.70694554,0.8782418,0.7382941,0.4477765,0.63050985,0.9407806,0.84559685,0.85213864,0.96359354,0.9407806,0.93577975,0.99927974,0.9775732,0.44283938,0.98412573,0.9770961,0.91623133,0.91078705,0.48499113,0.9963732,0.84871805,0.99660003,0.63726205,0.9756058,0.9999954,0.7555564,0.98000485,0.8597285,0.99993473,0.44531316,0.64566433,0.9576801,0.9999957,0.9967744,0.667593,0.99155974,0.9995117,0.9976275,0.9319179,0.97815967,0.99849296,0.98857886,0.49083436,0.99934155,0.72104126,0.45834816,0.67154944,0.99963295,0.87153906,0.28764564,0.5167524,0.6923686,0.78811514,0.9840509,0.48678106,0.32663172,0.6268521,0.38396662,0.35849947,0.96944755,0.99925435,0.51586604,0.65055096,0.6897211,0.97785956,0.999613,0.32939744,0.5010594,0.42526466,0.54511917,0.9318464,0.61561644,0.4559955,0.26189554,0.62002826,0.52944183,0.43820173,0.920074,0.9997165,0.27924287,0.9407806,0.6541631,0.92414385,0.71431434,0.91558087,0.98214924,0.5341568,0.6338125,0.5405725,0.65065926,0.62196827,0.6439974,0.8116269,0.42227268,0.9317197,0.6948768,0.5976505,0.4239704,0.6160691,0.7249359,0.8635818,0.7916362,0.9453895,0.92043674,0.9766323,0.8908572,0.9849174,0.51233906,0.776192,0.56681156,0.7142557,0.80889165,0.7555884,0.7284782,0.5929113,0.9937429,0.8695215,0.36124784,0.4851222,0.7563832,0.47173202,0.6559085,0.84701276,0.7757611,0.7484006,0.7456363,0.65029144,0.56855166,0.83018154,0.95947504,0.88866276,0.745315,0.547675,0.6745186,0.86332536,0.8100583,0.8079585,0.48230237,0.6922913,0.54660636,0.61716676,0.5635272,0.3584205,0.8600439,0.5436062,0.7362994,0.5237353,0.8047964,0.64136535,0.7485938,0.5818485,0.35782456
0.48291892,0.9928989,0.8013255,0.48223466,0.53433996,0.4340145,0.47170192,0.47351968,0.586356,0.99987864,0.7834332,0.9403782,0.39954776,0.67641723,0.9427785,0.29893005,0.5886768,0.24794656,0.56790656,0.671023,0.5140054,0.7760193,0.974599,0.91060597,0.3780095,0.60122496,0.6444094,0.46350926,0.9988742,0.8378878,0.42267168,0.3218134,0.46237206,0.2714815,0.68025565,0.82324946,0.4136349,0.6394141,0.9789319,0.99674684,0.8116665,0.7952982,0.32897168,0.57098854,0.9899381,0.3930598,0.6656711,0.8732041,0.72601354,0.42881155,0.59040755,0.94040513,0.8402111,0.85080034,0.96348614,0.94040513,0.93567735,0.9992795,0.9775617,0.4114744,0.98411334,0.9770262,0.9155544,0.9103415,0.4491909,0.9963664,0.84846574,0.9965998,0.6257796,0.9755459,0.99999535,0.740594,0.9798811,0.85891676,0.99993473,0.320176,0.6204027,0.95754683,0.9999957,0.9967732,0.6412653,0.9910758,0.9995075,0.99762726,0.9317077,0.9780483,0.9984635,0.98822045,0.47368985,0.9993415,0.67761236,0.4418552,0.628096,0.99963295,0.8682826,0.1236729,0.48269176,0.6742509,0.78217494,0.9835563,0.4103046,0.17455983,0.54607534,0.30942827,0.2625035,0.9623429,0.99925435,0.501518,0.6361525,0.62202835,0.9725939,0.999613,0.24386233,0.44022357,0.3404225,0.51874584,0.9280086,0.60515743,0.42725033,0.17809641,0.5908067,0.514659,0.36555338,0.91892755,0.99971646,0.11257279,0.94040513,0.63522506,0.9221652,0.69790834,0.9015502,0.9820782,0.4758582,0.6173097,0.5172106,0.63467693,0.60109204,0.5694312,0.7898195,0.37097245,0.9301166,0.68614244,0.56050706,0.37594497,0.5934866,0.7110237,0.8338593,0.765463,0.944899,0.92008144,0.9754994,0.88993794,0.98480886,0.4494415,0.7646911,0.54359424,0.6889101,0.8031794,0.7427552,0.70986533,0.5411209,0.9936268,0.8667811,0.27961278,0.44052702,0.7437242,0.4250288,0.6321008,0.84442043,0.749418,0.7398021,0.71712875,0.59926045,0.54134035,0.8267536,0.9576336,0.8878938,0.73905057,0.5180552,0.66517234,0.86184883,0.80813944,0.8056841,0.47171754,0.67168784,0.52354956,0.6045965,0.5117302,0.23657215,0.85749316,0.48355848,0.71818185,0.48434186,0.79477644,0.6312782,0.72272813,0.5095805,0.29755896
0.42845201,0.9928989,0.73234284,0.457326,0.5241219,0.40812922,0.44161212,0.46453422,0.57344174,0.9924304,0.7231517,0.9108625,0.3771702,0.5987755,0.88371396,0.29077673,0.5875635,0.24702805,0.48778945,0.65728927,0.5127269,0.7760193,0.9479322,0.77583396,0.37149096,0.60122496,0.5904303,0.45158398,0.99153155,0.81293875,0.41286403,0.31731772,0.45184356,0.2714815,0.64911234,0.8225931,0.40454936,0.6378032,0.9522699,0.99674684,0.7095551,0.79529816,0.32284147,0.5443089,0.90854967,0.37827754,0.66566753,0.7395329,0.7016125,0.41608763,0.5840949,0.9267174,0.84007156,0.824727,0.9138327,0.9267174,0.9328668,0.9792628,0.9775617,0.4018122,0.9462694,0.96071917,0.91401875,0.8301913,0.4343046,0.9886101,0.824719,0.95806265,0.6099987,0.9490349,0.99999535,0.74025977,0.7937561,0.82045597,0.9964188,0.320176,0.61416936,0.92301714,0.99919,0.9738603,0.6327709,0.9910758,0.9995063,0.9910591,0.8275145,0.94500154,0.99846244,0.9882204,0.42887825,0.97129154,0.67732596,0.42340934,0.6264981,0.99348205,0.8487895,0.1236729,0.43042433,0.6523779,0.75279945,0.9835385,0.40865946,0.17455983,0.5460668,0.30763733,0.25181603,0.9623429,0.9758618,0.4611259,0.62496775,0.62202793,0.9725939,0.9811095,0.23602933,0.4341244,0.337978,0.48732454,0.9280078,0.53865665,0.37141663,0.16172916,0.58016634,0.497504,0.360402,0.8618771,0.9892055,0.11257279,0.9267174,0.5908831,0.91208005,0.6305524,0.9015502,0.9431749,0.47146702,0.54469377,0.50223774,0.6149533,0.5572133,0.56943053,0.7897973,0.3507092,0.8690343,0.626107,0.5449211,0.35429847,0.50626254,0.7025665,0.83385926,0.7651784,0.89647114,0.8971105,0.9754994,0.8642952,0.9712013,0.44701076,0.67434585,0.47808272,0.6822375,0.8031095,0.6383594,0.6788223,0.53768104,0.9936268,0.7175548,0.26644206,0.37852705,0.7132528,0.3658049,0.5940927,0.74950135,0.74935126,0.675117,0.7169143,0.59844047,0.49450046,0.7042675,0.95603853,0.79321134,0.6697999,0.48835576,0.5638567,0.7809571,0.75040394,0.7463464,0.44386154,0.6130543,0.4678805,0.55590546,0.49479043,0.2359919,0.8307581,0.48237967,0.60687196,0.40870422,0.72492397,0.5416371,0.72174513,0.5095212,0.26745552
0.37398517,0.9928989,0.6633601,0.43241727,0.51390374,0.382244,0.41152233,0.45554876,0.56052744,0.9849821,0.6628703,0.88134676,0.3547927,0.5211339,0.82464933,0.2826234,0.58645016,0.24610949,0.40767235,0.6435555,0.5114483,0.7760193,0.92126536,0.641062,0.36497235,0.60122496,0.5364512,0.43965864,0.9841889,0.7879897,0.40305638,0.31282204,0.4413151,0.2714815,0.6179689,0.82193667,0.39546388,0.6361923,0.9256079,0.99674684,0.6074437,0.7952981,0.31671125,0.51762927,0.8271613,0.3634953,0.66566384,0.60586166,0.6772113,0.4033637,0.57778215,0.91302955,0.839932,0.79865366,0.8641793,0.91302955,0.9300563,0.95924616,0.9775617,0.39214998,0.90842545,0.9444121,0.9124831,0.7500411,0.41941828,0.9808538,0.8009723,0.9195255,0.5942178,0.9225239,0.99999535,0.73992544,0.6076311,0.7819952,0.9929028,0.320176,0.607936,0.88848746,0.99838424,0.9509475,0.62427646,0.9910758,0.99950516,0.98449093,0.72332144,0.9119547,0.99846137,0.9882204,0.38406664,0.9432416,0.6770395,0.4049635,0.6249002,0.98733115,0.8292964,0.1236729,0.3781569,0.63050497,0.7234239,0.9835207,0.40701437,0.17455983,0.5460583,0.3058464,0.24112862,0.9623429,0.9524693,0.4207338,0.613783,0.6220275,0.9725939,0.962606,0.22819638,0.42802525,0.3355335,0.45590323,0.92800695,0.47215587,0.31558293,0.14536196,0.56952596,0.480349,0.3552506,0.8048267,0.9786945,0.11257279,0.91302955,0.5465411,0.9019948,0.56319654,0.9015502,0.90427154,0.46707588,0.47207785,0.48726487,0.5952296,0.51333463,0.5694299,0.78977513,0.3304459,0.80795205,0.5660715,0.52933514,0.3326519,0.41903841,0.6941093,0.83385926,0.7648938,0.84804326,0.8741396,0.9754994,0.83865243,0.9575938,0.44458002,0.5840006,0.4125712,0.6755649,0.80303967,0.5339637,0.6477792,0.5342412,0.9936268,0.5683286,0.25327134,0.31652713,0.68278146,0.30658096,0.55608463,0.6545823,0.74928457,0.6104319,0.7166997,0.5976205,0.44766062,0.5817814,0.9544434,0.6985289,0.60054934,0.45865625,0.46254104,0.7000654,0.69266844,0.68700874,0.41600555,0.55442077,0.41221136,0.50721437,0.47785062,0.2354117,0.8040231,0.48120093,0.49556214,0.33306652,0.6550715,0.45199603,0.72076213,0.5094619,0.23735201
0.31951833,0.9928989,0.5943774,0.40750855,0.5036856,0.3563587,0.38143247,0.44656336,0.5476132,0.9775338,0.6025888,0.8518311,0.33241516,0.44349217,0.7655847,0.2744701,0.5853368,0.24519098,0.32755524,0.6298218,0.5101698,0.7760193,0.89459854,0.50629,0.35845375,0.60122496,0.48247206,0.42773336,0.97684634,0.7630406,0.39324874,0.3083263,0.4307866,0.2714815,0.58682555,0.82128024,0.3863784,0.63458145,0.898946,0.99674684,0.50533223,0.7952981,0.31058103,0.49094957,0.74577284,0.34871304,0.6656602,0.47219044,0.6528102,0.39063978,0.5714695,0.8993418,0.8397925,0.7725803,0.81452596,0.8993418,0.92724574,0.9392295,0.9775617,0.3824877,0.8705815,0.928105,0.91094744,0.669891,0.4045319,0.9730975,0.77722555,0.88098836,0.57843685,0.8960129,0.99999535,0.7395911,0.4215061,0.74353445,0.98938686,0.320176,0.6017027,0.85395783,0.9975785,0.92803466,0.615782,0.9910758,0.99950397,0.97792274,0.6191283,0.8789079,0.9984603,0.9882204,0.33925503,0.9151916,0.67675304,0.38651764,0.62330234,0.9811803,0.8098033,0.1236729,0.32588947,0.60863197,0.6940484,0.98350286,0.40536922,0.17455983,0.5460498,0.3040554,0.23044115,0.9623429,0.92907673,0.38034165,0.6025982,0.6220271,0.9725939,0.9441025,0.22036338,0.42192602,0.333089,0.42448193,0.9280062,0.40565515,0.25974923,0.1289947,0.5588856,0.46319395,0.35009915,0.74777627,0.9681835,0.11257279,0.8993418,0.50219905,0.89190966,0.49584067,0.9015502,0.8653682,0.4626847,0.39946193,0.472292,0.575506,0.46945596,0.5694293,0.78975296,0.31018257,0.74686974,0.50603604,0.51374924,0.3110054,0.3318143,0.68565214,0.83385926,0.7646092,0.7996154,0.85116863,0.9754994,0.8130096,0.9439863,0.44214928,0.49365532,0.34705973,0.66889226,0.80296975,0.42956793,0.6167362,0.53080136,0.9936268,0.41910237,0.24010056,0.2545272,0.65231,0.24735707,0.51807654,0.5596633,0.7492178,0.5457468,0.7164852,0.59680057,0.40082073,0.45929527,0.9528483,0.6038465,0.5312987,0.42895675,0.36122537,0.61917365,0.634933,0.62767106,0.38814956,0.49578726,0.3565423,0.45852333,0.46091086,0.23483145,0.7772881,0.48002213,0.38425225,0.25742888,0.585219,0.36235487,0.7197792,0.5094025,0.20724851
0.26505142,0.9928989,0.52539474,0.3825999,0.49346745,0.33047348,0.35134268,0.4375779,0.53469896,0.97008556,0.5423074,0.82231534,0.31003767,0.3658505,0.70652014,0.26631677,0.5842235,0.24427241,0.24743813,0.61608803,0.5088912,0.7760193,0.8679317,0.37151802,0.35193515,0.60122496,0.4284929,0.41580808,0.9695037,0.7380915,0.3834411,0.30383062,0.4202581,0.2714815,0.5556822,0.8206239,0.37729287,0.6329706,0.872284,0.99674684,0.40322077,0.79529804,0.3044508,0.46426988,0.6643845,0.3339308,0.66565657,0.33851922,0.628409,0.37791586,0.5651568,0.88565403,0.839653,0.746507,0.76487255,0.88565403,0.9244352,0.9192128,0.9775617,0.3728255,0.8327375,0.91179794,0.9094118,0.5897408,0.38964558,0.9653412,0.7534788,0.8424512,0.5626559,0.86950195,0.99999535,0.73925686,0.23538107,0.7050736,0.9858709,0.320176,0.59546936,0.81942815,0.99677277,0.9051218,0.60728765,0.9910758,0.99950284,0.97135454,0.51493514,0.8458611,0.9984592,0.9882204,0.29444343,0.88714164,0.6764667,0.3680718,0.62170446,0.9750294,0.7903102,0.1236729,0.27362198,0.586759,0.66467285,0.9834851,0.40372413,0.17455983,0.54604125,0.30226445,0.21975368,0.9623429,0.90568423,0.33994955,0.59141344,0.6220267,0.9725939,0.92559904,0.21253037,0.41582686,0.3306445,0.39306068,0.92800534,0.33915436,0.2039156,0.11262745,0.5482452,0.44603896,0.34494776,0.6907258,0.95767254,0.11257279,0.88565403,0.45785707,0.8818245,0.42848474,0.9015502,0.82646483,0.4582935,0.326846,0.45731914,0.5557823,0.42557722,0.56942856,0.7897308,0.28991932,0.68578744,0.44600064,0.49816328,0.28935885,0.24459022,0.67719495,0.83385926,0.7643246,0.75118744,0.8281977,0.9754994,0.78736687,0.93037874,0.43971854,0.40331006,0.2815482,0.66221964,0.8028999,0.32517213,0.5856931,0.5273615,0.9936268,0.26987612,0.22692984,0.1925273,0.6218386,0.18813318,0.48006845,0.46474427,0.7491511,0.4810617,0.7162707,0.5959806,0.35398084,0.33680916,0.9512532,0.50916404,0.46204805,0.39925724,0.2599097,0.5382819,0.57719743,0.5683334,0.36029357,0.4371537,0.30087316,0.40983224,0.44397104,0.2342512,0.7505531,0.47884333,0.27294242,0.18179125,0.51536655,0.27271378,0.71879625,0.50934315,0.177145
0.21058458,0.9928989,0.45641208,0.35769117,0.48324937,0.3045882,0.32125288,0.42859244,0.52178466,0.9626373,0.48202586,0.79279965,0.28766012,0.28820884,0.6474555,0.25816345,0.5831102,0.2433539,0.16732109,0.6023543,0.5076127,0.7760193,0.8412649,0.23674601,0.3454166,0.60122496,0.3745138,0.40388274,0.96216106,0.71314245,0.3736335,0.29933494,0.40972966,0.2714815,0.52453876,0.81996745,0.3682074,0.6313597,0.84562206,0.99674684,0.3011093,0.795298,0.2983206,0.43759024,0.5829961,0.31914854,0.6656529,0.20484799,0.6040079,0.36519194,0.5588441,0.87196624,0.8395135,0.7204337,0.71521914,0.87196624,0.92162466,0.89919615,0.9775617,0.3631633,0.79489356,0.8954909,0.90787613,0.5095906,0.3747592,0.9575849,0.7297321,0.80391407,0.546875,0.84299093,0.99999535,0.7389226,0.049256086,0.66661286,0.98235494,0.320176,0.589236,0.7848985,0.9959671,0.88220894,0.5987932,0.9910758,0.9995017,0.9647864,0.41074204,0.8128143,0.9984582,0.9882204,0.24963188,0.85909164,0.67618024,0.34962595,0.6201066,0.9688785,0.7708171,0.1236729,0.22135454,0.564886,0.6352973,0.9834673,0.402079,0.17455983,0.5460328,0.3004735,0.20906621,0.9623429,0.8822917,0.29955745,0.5802287,0.62202626,0.9725939,0.90709555,0.20469737,0.40972763,0.32819998,0.36163938,0.9280045,0.27265358,0.1480819,0.09626019,0.53760475,0.4288839,0.33979636,0.6336754,0.94716156,0.11257279,0.87196624,0.4135151,0.8717393,0.36112887,0.9015502,0.7875615,0.4539023,0.25423008,0.44234627,0.53605866,0.38169855,0.56942797,0.7897086,0.269656,0.6247052,0.38596517,0.48257738,0.26771235,0.1573661,0.66873777,0.83385926,0.76404,0.7027596,0.8052268,0.9754994,0.7617241,0.91677123,0.4372878,0.3129648,0.21603668,0.655547,0.80283,0.22077638,0.55465007,0.5239216,0.9936268,0.120649874,0.21375912,0.13052738,0.59136724,0.12890929,0.4420603,0.36982518,0.74908435,0.4163766,0.7160561,0.5951606,0.307141,0.21432304,0.9496581,0.41448164,0.39279747,0.3695578,0.15859407,0.45739025,0.519462,0.5089957,0.33243757,0.3785202,0.24520403,0.3611412,0.42703128,0.23367095,0.72381806,0.4776646,0.1616326,0.10615355,0.44551408,0.18307269,0.71781325,0.5092838,0.14704156
0.20328295,0.979641,0.39496344,0.35150307,0.4531538,0.3027228,0.30071598,0.4140548,0.50152075,0.7702916,0.46313238,0.6742271,0.28517485,0.2777999,0.5315898,0.24799651,0.56207466,0.22639513,0.16008037,0.5802938,0.50264573,0.69534326,0.6866584,0.2009719,0.3418988,0.59713256,0.3552863,0.38782,0.7707312,0.60206234,0.3712517,0.2793252,0.4025215,0.25891244,0.46086574,0.772042,0.3621753,0.6198596,0.688089,0.935637,0.2618426,0.78951335,0.29523218,0.4143741,0.47257346,0.31061733,0.5565572,0.17045563,0.58859336,0.35394394,0.4801823,0.8019413,0.8255986,0.64061284,0.5973576,0.8019413,0.77925974,0.7201549,0.86559117,0.3494779,0.6394968,0.7382067,0.8036477,0.4254387,0.36578214,0.76914024,0.65157115,0.64586806,0.50046885,0.69430625,0.99828184,0.72190064,0.04162872,0.6056541,0.7860166,0.31363118,0.5665364,0.65775406,0.7967865,0.7138746,0.560536,0.9865956,0.8439055,0.7727723,0.3608575,0.66083586,0.9508488,0.9355563,0.24478632,0.68807334,0.5549877,0.33661538,0.5644163,0.7755245,0.64675283,0.120830595,0.20752746,0.54116666,0.58489406,0.9403135,0.39545947,0.17078352,0.5066556,0.29103345,0.18999249,0.9602727,0.70737165,0.28304636,0.56615716,0.6162493,0.96949935,0.7261729,0.20155138,0.3901375,0.32330984,0.35788578,0.91677177,0.26464272,0.1383161,0.09407765,0.534566,0.40417838,0.32798553,0.5331212,0.75802094,0.109558344,0.8019413,0.3607198,0.7992667,0.33691168,0.89976656,0.64010197,0.43872827,0.23324889,0.3969463,0.5141971,0.35937947,0.5628331,0.7697742,0.2594331,0.509911,0.37861717,0.45185173,0.26342273,0.15425617,0.65915513,0.83073974,0.7267089,0.5787706,0.708529,0.97027683,0.66746664,0.74505484,0.428625,0.30178475,0.20822698,0.5542263,0.6689755,0.20141941,0.5084561,0.4855464,0.96661156,0.11622566,0.20615393,0.12394041,0.5580634,0.12388414,0.4325812,0.33835173,0.7330122,0.39272588,0.7017867,0.5714961,0.29510242,0.1959843,0.8016554,0.36158645,0.36194837,0.3571245,0.14940959,0.39347243,0.47185516,0.44894773,0.31510937,0.36466372,0.22893745,0.32482994,0.3965611,0.20367855,0.64100444,0.4468512,0.14267707,0.09888327,0.42828822,0.16370136,0.6776805,0.42515695,0.1408233
0.19598138,0.9663831,0.3335148,0.34531498,0.4230582,0.30085748,0.28017908,0.39951718,0.48125678,0.57794595,0.44423884,0.5556545,0.28268957,0.26739103,0.4157241,0.23782957,0.5410391,0.2094363,0.15283972,0.5582334,0.49767882,0.6146673,0.5320518,0.16519773,0.33838105,0.5930401,0.33605874,0.37175733,0.57930136,0.4909823,0.3688699,0.25931543,0.39531338,0.24634331,0.39719272,0.72411656,0.35614318,0.60835934,0.53055596,0.87452716,0.22257584,0.7837287,0.2921437,0.39115793,0.36215085,0.30208617,0.44746137,0.13606322,0.57317877,0.342696,0.4015205,0.73191637,0.8116837,0.5607921,0.479496,0.73191637,0.6368948,0.5411136,0.7536206,0.33579248,0.48410004,0.5809225,0.69941926,0.34128684,0.35680503,0.5806955,0.57341015,0.487822,0.4540627,0.5456215,0.9965684,0.7048787,0.03400141,0.5446953,0.58967817,0.30708635,0.54383695,0.5306096,0.59760594,0.5455402,0.5222789,0.9821153,0.6883093,0.5807583,0.31097287,0.50885737,0.9032394,0.88289213,0.23994076,0.51705503,0.4337952,0.32360488,0.50872606,0.5821704,0.52268857,0.11798829,0.19370037,0.51744723,0.5344908,0.8971598,0.38883996,0.16700721,0.46727836,0.28159338,0.17091876,0.95820254,0.5324516,0.26653534,0.55208564,0.6104723,0.96640474,0.5452503,0.19840533,0.3705473,0.3184197,0.35413224,0.90553916,0.25663185,0.12855029,0.091895044,0.53152716,0.37947285,0.3161747,0.43256712,0.5688803,0.1065439,0.73191637,0.3079245,0.7267941,0.31269455,0.89798295,0.49264246,0.42355424,0.2122677,0.35154635,0.49233556,0.3370604,0.5562382,0.7498397,0.24921018,0.39511675,0.37126923,0.42112613,0.25913316,0.15114617,0.64957243,0.8276202,0.6893777,0.4547816,0.61183107,0.96505433,0.5732092,0.5733385,0.41996217,0.29060465,0.20041728,0.45290554,0.535121,0.1820625,0.46226215,0.4471712,0.93959635,0.111801505,0.19854873,0.1173535,0.5247595,0.11885905,0.42310202,0.3068782,0.71694005,0.36907518,0.6875172,0.54783165,0.28306383,0.1776455,0.6536528,0.30869126,0.33109927,0.34469128,0.14022517,0.32955468,0.42424828,0.38889968,0.29778117,0.3508072,0.2126708,0.28851873,0.36609083,0.1736862,0.5581908,0.4160378,0.12372154,0.091612935,0.41106242,0.14433002,0.63754773,0.34103012,0.13460505
0.18867975,0.95312524,0.27206618,0.33912683,0.39296263,0.2989921,0.25964218,0.3849795,0.4609928,0.38560027,0.4253453,0.437082,0.2802043,0.25698215,0.2998584,0.22766262,0.52000356,0.19247752,0.14559901,0.53617287,0.4927119,0.5339913,0.37744528,0.12942356,0.33486325,0.5889478,0.31683123,0.3556946,0.3878715,0.37990218,0.3664881,0.23930568,0.38810527,0.23377424,0.3335197,0.6761911,0.35011113,0.5968592,0.37302297,0.8134173,0.18330908,0.7779441,0.28905523,0.3679418,0.25172818,0.29355496,0.3383656,0.1016708,0.5577642,0.33144802,0.32285863,0.66189146,0.79776883,0.48097128,0.36163443,0.66189146,0.4945299,0.3620723,0.6416501,0.32210714,0.32870322,0.42363828,0.5951909,0.2571349,0.34782797,0.39225084,0.4952492,0.32977593,0.40765655,0.39693677,0.99485487,0.6878568,0.026374102,0.48373657,0.3933398,0.30054158,0.52113736,0.4034652,0.39842534,0.37720585,0.48402166,0.977635,0.5327132,0.38874424,0.2610883,0.35687894,0.85563004,0.830228,0.2350952,0.34603667,0.3126027,0.31059438,0.45303583,0.38881642,0.3986243,0.11514598,0.17987329,0.49372792,0.4840876,0.85400605,0.3822204,0.16323084,0.42790115,0.27215332,0.15184504,0.95613235,0.3575316,0.25002432,0.5380142,0.6046953,0.9633101,0.36432767,0.19525927,0.35095716,0.31352955,0.35037863,0.8943064,0.24862105,0.11878449,0.0897125,0.5284884,0.35476726,0.30436385,0.33201295,0.37973976,0.10352945,0.66189146,0.25512928,0.65432143,0.28847742,0.89619935,0.34518296,0.4083802,0.1912865,0.30614644,0.470474,0.3147413,0.5496433,0.72990525,0.23898733,0.28032255,0.36392123,0.39040053,0.2548436,0.14803624,0.6399898,0.8245007,0.65204656,0.3307926,0.51513326,0.9598318,0.47895175,0.40162218,0.41129935,0.2794246,0.19260758,0.35158473,0.40126657,0.16270554,0.4160682,0.408796,0.91258115,0.10737729,0.19094354,0.11076653,0.4914556,0.113833904,0.41362292,0.27540475,0.7008679,0.34542447,0.6732478,0.5241672,0.27102524,0.15930676,0.50565016,0.25579607,0.30025023,0.33225805,0.13104069,0.26563692,0.37664145,0.32885164,0.28045297,0.33695072,0.19640422,0.25220752,0.33562064,0.1436938,0.4753772,0.38522446,0.10476601,0.0843426,0.39383656,0.124958694,0.597415,0.2569033,0.1283868
0.18137813,0.9398674,0.21061754,0.33293873,0.36286706,0.2971267,0.23910528,0.37044185,0.44072884,0.19325465,0.40645176,0.31850946,0.27771902,0.24657321,0.18399268,0.21749568,0.49896795,0.17551875,0.13835835,0.5141125,0.48774493,0.45331526,0.2228387,0.09364939,0.33134544,0.5848553,0.29760373,0.33963186,0.19644159,0.26882207,0.3641063,0.21929592,0.38089716,0.22120517,0.26984662,0.6282656,0.34407902,0.585359,0.21548992,0.7523075,0.14404231,0.77215946,0.28596675,0.34472567,0.14130557,0.28502375,0.2292698,0.067278445,0.5423496,0.32020003,0.24419683,0.5918665,0.78385395,0.40115047,0.24377292,0.5918665,0.35216498,0.18303102,0.5296795,0.30842173,0.17330647,0.26635408,0.49096245,0.17298299,0.33885086,0.2038061,0.41708827,0.17172992,0.3612504,0.2482521,0.9931414,0.6708349,0.018746793,0.42277783,0.19700146,0.29399675,0.49843788,0.27632076,0.1992448,0.20887148,0.44576448,0.9731548,0.37711704,0.1967302,0.21120375,0.20490044,0.8080207,0.7775638,0.23024964,0.17501831,0.19141018,0.29758382,0.3973456,0.19546235,0.27456003,0.112303674,0.1660462,0.47000855,0.4336844,0.8108523,0.37560087,0.15945452,0.388524,0.26271325,0.13277131,0.95406216,0.18261153,0.23351324,0.52394265,0.5989183,0.96021557,0.18340504,0.19211322,0.33136696,0.3086394,0.3466251,0.88307375,0.24061018,0.10901868,0.0875299,0.52544963,0.33006173,0.292553,0.23145878,0.19059914,0.10051507,0.5918665,0.20233399,0.58184886,0.2642603,0.89441574,0.19772345,0.39320618,0.17030531,0.26074648,0.44861245,0.29242224,0.5430484,0.70997083,0.22876441,0.16552836,0.35657328,0.35967487,0.25055403,0.14492631,0.6304071,0.82138115,0.61471546,0.20680356,0.4184354,0.9546093,0.38469428,0.22990584,0.40263653,0.2682445,0.18479788,0.250264,0.26741207,0.14334863,0.36987424,0.3704208,0.885566,0.102953136,0.18333834,0.10417956,0.45815176,0.108808815,0.40414375,0.2439313,0.6847958,0.32177377,0.65897834,0.50050265,0.25898665,0.14096797,0.35764748,0.20290089,0.26940113,0.3198248,0.12185621,0.20171916,0.32903457,0.2688036,0.26312482,0.3230942,0.18013757,0.21589625,0.30515045,0.11370146,0.39256358,0.35441107,0.08581048,0.07707232,0.3766107,0.10558736,0.5572822,0.1727764,0.12216854
0.17407656,0.9266095,0.14916897,0.32675064,0.33277148,0.29526138,0.21856844,0.35590422,0.42046493,0.00090897083,0.38755822,0.19993687,0.27523375,0.23616433,0.06812698,0.20732874,0.4779324,0.15855992,0.13111764,0.49205202,0.482778,0.37263924,0.06823218,0.057875216,0.3278277,0.5807629,0.27837622,0.32356912,0.0050117373,0.15774196,0.3617245,0.19928616,0.373689,0.2086361,0.2061736,0.58034015,0.3380469,0.57385886,0.057956934,0.69119763,0.10477555,0.7663748,0.28287828,0.32150954,0.030882955,0.27649254,0.12017405,0.03288603,0.526935,0.3089521,0.16553503,0.5218416,0.76993906,0.32132965,0.12591136,0.5218416,0.20980006,0.003989756,0.41770893,0.29473633,0.017909706,0.109069884,0.386734,0.08883107,0.3298738,0.015361428,0.33892733,0.0136838555,0.31484425,0.099567354,0.9914279,0.653813,0.011119485,0.3618191,0.00066304207,0.28745198,0.47573835,0.14917636,6.41942e-05,0.04053712,0.40750736,0.96867454,0.22152084,0.0047160983,0.1613192,0.05292201,0.7604113,0.7248997,0.22540408,0.004000008,0.07021767,0.28457332,0.34165537,0.0021083355,0.15049577,0.10946137,0.15221912,0.44628918,0.38328117,0.7676985,0.36898136,0.15567821,0.34914678,0.2532732,0.11369759,0.951992,0.0076915026,0.21700221,0.5098711,0.5931414,0.95712095,0.0024824142,0.18896723,0.31177682,0.30374926,0.3428715,0.8718411,0.23259932,0.09925294,0.085347354,0.52241087,0.30535614,0.28074223,0.13090467,0.0014585257,0.09750062,0.5218416,0.1495387,0.5093762,0.2400431,0.8926321,0.05026394,0.37803215,0.14932412,0.21534652,0.42675084,0.27010322,0.53645355,0.69003636,0.2185415,0.050734103,0.34922528,0.32894927,0.24626446,0.14181632,0.62082446,0.8182616,0.5773843,0.082814574,0.32173753,0.9493867,0.29043686,0.05818951,0.3939737,0.25706446,0.17698818,0.14894319,0.13355762,0.12399167,0.32368028,0.3320456,0.8585508,0.09852892,0.17573309,0.09759265,0.42484784,0.10378367,0.39466465,0.21245778,0.6687237,0.29812306,0.6447089,0.47683817,0.24694806,0.122629225,0.2096448,0.1500057,0.23855203,0.30739158,0.11267173,0.13780135,0.28142774,0.20875561,0.24579662,0.30923772,0.16387099,0.17958504,0.2746802,0.08370906,0.3097499,0.32359773,0.066854954,0.069801986,0.35938483,0.08621603,0.51714945,0.08864957,0.11595029
0.16331846,0.7412887,0.12635046,0.30185586,0.2955637,0.28429013,0.19269943,0.32539928,0.40116525,0.0007277131,0.34685367,0.16158879,0.26449203,0.22364384,0.056046665,0.19020712,0.40413755,0.15515983,0.12772912,0.47149175,0.47979712,0.298113,0.05521047,0.04917693,0.32468426,0.46461087,0.25752234,0.27911413,0.0040208697,0.1321212,0.35917205,0.18330508,0.35137653,0.1669097,0.17348713,0.4975487,0.32366854,0.5488579,0.046812832,0.55295813,0.0937525,0.6181957,0.28097296,0.27649534,0.024855852,0.25658953,0.11430532,0.029798985,0.46893483,0.2839449,0.13763845,0.4193194,0.617916,0.2618981,0.10155392,0.4193194,0.16841382,0.0031974912,0.33416748,0.2661029,0.014754415,0.087718785,0.31185442,0.07371563,0.32353628,0.012358785,0.27278292,0.010986149,0.27938718,0.080044866,0.7931423,0.52951944,0.009723902,0.29700696,0.00053077936,0.2300998,0.40624326,0.12037605,5.1379204e-05,0.03246081,0.3578865,0.77494085,0.17721939,0.0037817955,0.13249344,0.042981207,0.6083313,0.5799284,0.21247292,0.003205955,0.05762863,0.24499428,0.28015226,0.001689434,0.12551725,0.08925849,0.13763261,0.41700113,0.33815062,0.6141937,0.3660807,0.12658703,0.33245796,0.24830192,0.10354686,0.7615984,0.0061584115,0.19277555,0.44722635,0.5101495,0.76569676,0.0019882321,0.18700874,0.27324176,0.30168557,0.31731743,0.6976501,0.21843982,0.09492844,0.084991276,0.49688196,0.2608592,0.24246198,0.10692406,0.0011689663,0.078590274,0.4193194,0.13251364,0.4124722,0.21803874,0.71503556,0.040626645,0.31155008,0.13588935,0.20122373,0.36286795,0.2561167,0.46909922,0.5527674,0.20504373,0.04217148,0.34086704,0.2909004,0.23933738,0.13858765,0.53378236,0.65498555,0.4639665,0.06728643,0.2654531,0.7595154,0.23662472,0.046806157,0.33062625,0.24774891,0.17286736,0.1326186,0.1087029,0.11363435,0.29732877,0.28866923,0.68684304,0.09346545,0.1737485,0.09622389,0.36368293,0.10253799,0.3800004,0.19875395,0.5420961,0.26215154,0.53011626,0.40151805,0.24085844,0.11431301,0.168495,0.12491304,0.21101302,0.2763303,0.1030426,0.11610812,0.2329247,0.17330259,0.21376276,0.28682476,0.1517458,0.15715528,0.25225544,0.08018786,0.25356817,0.26528132,0.062449455,0.06830633,0.3382312,0.08058298,0.42003512,0.075050294,0.114117146
0.15256041,0.5559679,0.10353196,0.2769611,0.25835592,0.27331895,0.16683048,0.29489434,0.38186562,0.0005463958,0.30614918,0.12324065,0.25375032,0.21112335,0.043966293,0.17308551,0.3303427,0.15175974,0.124340534,0.4509315,0.47681624,0.22358668,0.042188823,0.040478706,0.32154083,0.34845883,0.23666847,0.23465914,0.0030300021,0.10650039,0.3566196,0.167324,0.329064,0.12518328,0.14080065,0.4147572,0.30929017,0.52385694,0.03566873,0.41471863,0.0827294,0.4700166,0.27906764,0.2314812,0.01882881,0.23668653,0.108436644,0.026712,0.4109347,0.25893772,0.10974181,0.3167972,0.46589285,0.2024666,0.07719654,0.3167972,0.12702763,0.0024051666,0.25062603,0.23746955,0.0115991235,0.066367745,0.23697484,0.058600187,0.31719875,0.009356201,0.20663857,0.008288443,0.24393016,0.060522377,0.59485674,0.40522593,0.008328378,0.23219484,0.00039845705,0.17274767,0.33674824,0.09157568,3.85046e-05,0.024384499,0.30826563,0.58120716,0.13291794,0.002847433,0.10366768,0.033040464,0.45625138,0.4349571,0.1995418,0.0024119616,0.045039594,0.20541525,0.21864921,0.0012705922,0.10053873,0.06905556,0.1230461,0.38771313,0.29302007,0.4606889,0.36318004,0.097495854,0.31576914,0.2433306,0.09339619,0.5712048,0.0046253204,0.16854888,0.38458157,0.42715752,0.5742726,0.00149405,0.18505031,0.2347067,0.29962194,0.29176337,0.52345914,0.20428032,0.09060395,0.08463526,0.47135305,0.21636218,0.20418173,0.08294344,0.0008793473,0.059679985,0.3167972,0.11548859,0.31556815,0.19603437,0.5374391,0.03098929,0.24506801,0.122454524,0.18710095,0.29898506,0.24213016,0.40174484,0.41549838,0.19154596,0.033608854,0.33250874,0.2528516,0.23241037,0.13535893,0.44674033,0.4917094,0.35054874,0.05175829,0.20916861,0.56964403,0.18281257,0.03542286,0.2672788,0.23843342,0.16874653,0.11629403,0.08384824,0.10327703,0.2709772,0.24529284,0.51513535,0.08840191,0.1717639,0.09485519,0.302518,0.10129231,0.36533624,0.18505013,0.41546845,0.22618002,0.41552365,0.32619792,0.23476881,0.10599673,0.1273452,0.099820316,0.18347394,0.245269,0.09341341,0.09441483,0.18442166,0.13784957,0.18172896,0.26441187,0.1396206,0.13472551,0.22983062,0.07666665,0.19738638,0.20696491,0.058044016,0.06681061,0.31707758,0.07494992,0.3229208,0.06145096,0.112284064
0.14180231,0.3706472,0.08071351,0.25206625,0.22114813,0.26234776,0.14096147,0.26438946,0.362566,0.00036513805,0.26544464,0.08489257,0.24300861,0.19860291,0.031885922,0.1559639,0.2565478,0.14835966,0.12095201,0.43037122,0.47383535,0.14906043,0.029167175,0.03178042,0.3183974,0.23230678,0.21581459,0.1902042,0.002039075,0.08087957,0.35406715,0.15134287,0.30675155,0.083456874,0.10811412,0.33196574,0.29491186,0.498856,0.02452457,0.27647913,0.071706355,0.32183754,0.2771623,0.18646705,0.012801707,0.21678352,0.10256791,0.023624957,0.35293448,0.23393053,0.081845224,0.214275,0.31386977,0.14303505,0.0528391,0.214275,0.085641444,0.0016128421,0.16708463,0.20883614,0.008443832,0.045016646,0.16209531,0.043484747,0.3108613,0.0063536167,0.14049423,0.005590737,0.20847309,0.04099989,0.3965711,0.28093243,0.0069328547,0.16738278,0.00026613474,0.115395546,0.26725316,0.06277537,2.5689602e-05,0.016308188,0.25864476,0.38747352,0.08861649,0.0019130707,0.07484192,0.02309966,0.30417144,0.28998584,0.1866107,0.0016179085,0.032450616,0.16583627,0.15714616,0.0008517504,0.07556021,0.048852682,0.10845959,0.35842508,0.24788952,0.30718404,0.36027938,0.068404675,0.2990803,0.23835933,0.083245456,0.3808112,0.0030922294,0.14432222,0.3219368,0.34416562,0.38284838,0.0009998679,0.18309188,0.19617164,0.29755825,0.26620936,0.3492682,0.19012082,0.08627951,0.08427918,0.4458242,0.17186517,0.16590148,0.058962822,0.00058978796,0.040769637,0.214275,0.098463535,0.21866411,0.17403,0.3598426,0.021351993,0.17858595,0.1090197,0.17297816,0.23510218,0.22814363,0.33439052,0.27822942,0.1780482,0.02504617,0.3241505,0.21480274,0.22548336,0.1321302,0.35969824,0.32843328,0.23713094,0.036230087,0.15288413,0.37977266,0.12900043,0.024039567,0.20393127,0.22911787,0.1646257,0.09996945,0.058993578,0.09291971,0.24462569,0.20191646,0.34342766,0.08333838,0.1697793,0.09348649,0.2413531,0.100046635,0.35067207,0.1713463,0.2888409,0.1902085,0.3009311,0.25087786,0.22867912,0.09768051,0.08619541,0.074727595,0.15593487,0.21420771,0.08378428,0.0727216,0.13591862,0.10239649,0.1496951,0.24199891,0.12749541,0.11229575,0.2074058,0.07314539,0.1412046,0.1486485,0.053638518,0.06531495,0.29592395,0.069316864,0.22580642,0.04785168,0.11045092
0.13104421,0.1853264,0.057895005,0.22717148,0.18394035,0.25137657,0.115092516,0.23388451,0.3432663,0.00018382072,0.22474015,0.046544492,0.23226696,0.18608242,0.01980561,0.13884228,0.18275297,0.14495957,0.117563486,0.40981096,0.47085446,0.07453412,0.016145468,0.023082137,0.31525397,0.11615473,0.19496071,0.14574921,0.0010482073,0.05525875,0.3515147,0.13536179,0.2844391,0.041730523,0.07542765,0.24917424,0.2805335,0.47385508,0.013380468,0.13823962,0.06068325,0.17365843,0.275257,0.14145291,0.0067746043,0.19688058,0.09669924,0.020537972,0.29493433,0.20892334,0.05394864,0.11175281,0.1618467,0.0836035,0.028481662,0.11175281,0.044255197,0.00082051754,0.08354318,0.18020272,0.0052885413,0.023665607,0.08721572,0.028369308,0.30452377,0.0033509731,0.07434982,0.0028930306,0.17301601,0.021477401,0.19828552,0.15663886,0.005537331,0.10257065,0.00013387203,0.05804336,0.19775814,0.033975065,1.2814999e-05,0.008231878,0.2090239,0.19373989,0.04431504,0.0009787083,0.046016157,0.013158917,0.15209144,0.14501452,0.17367959,0.0008238554,0.019861579,0.12625724,0.0956431,0.00043290854,0.050581634,0.028649747,0.09387308,0.32913703,0.20275897,0.15367919,0.35737872,0.039313436,0.28239143,0.233388,0.073094726,0.19041765,0.0015591383,0.12009555,0.25929195,0.26117367,0.19142419,0.0005056858,0.18113345,0.15763658,0.29549462,0.2406553,0.1750772,0.17596132,0.081955016,0.08392316,0.4202953,0.12736821,0.12762123,0.034982204,0.0003002286,0.021859348,0.11175281,0.08143854,0.12176013,0.15202558,0.18224609,0.011714697,0.11210388,0.09558493,0.15885538,0.17121929,0.2141571,0.26703614,0.1409604,0.16455042,0.016483545,0.3157922,0.17675388,0.21855628,0.12890154,0.27265614,0.16515714,0.123713136,0.020701945,0.09659964,0.18990135,0.07518828,0.012656271,0.14058381,0.21980238,0.16050488,0.08364487,0.03413886,0.08256245,0.21827418,0.15854007,0.17171997,0.078274846,0.16779464,0.09211773,0.18018818,0.09880102,0.33600783,0.15764248,0.16221327,0.15423691,0.18633848,0.17555773,0.2225895,0.08936429,0.045045614,0.049634874,0.12839586,0.18314642,0.07415509,0.05102831,0.087415576,0.06694347,0.1176613,0.21958596,0.115370214,0.08986598,0.18498099,0.069624186,0.08502281,0.09033215,0.04923302,0.06381923,0.27477032,0.06368387,0.12869209,0.034252405,0.10861784
0.12028617,5.6028366e-06,0.03507656,0.2022767,0.14673257,0.24040538,0.08922356,0.20337963,0.32396668,2.5629997e-06,0.1840356,0.008196354,0.22152525,0.17356193,0.007725239,0.12172067,0.108958125,0.14155954,0.1141749,0.3892507,0.46787357,7.867813e-06,0.0031238198,0.0143838525,0.31211054,2.682209e-06,0.17410684,0.10129422,5.733967e-05,0.029637992,0.34896225,0.11938071,0.26212656,4.1127205e-06,0.04274118,0.16638273,0.26615512,0.44885415,0.0022363663,1.1920929e-07,0.049660206,0.025479317,0.27335167,0.096438706,0.00074756145,0.17697757,0.090830505,0.017450929,0.23693419,0.18391615,0.026052058,0.009230614,0.00982362,0.024172008,0.004124224,0.009230614,0.00286901,2.8192997e-05,1.7285347e-06,0.15156937,0.0021332502,0.002314508,0.012336135,0.013253868,0.29818624,0.00034838915,0.008205473,0.00019532442,0.137559,0.0019549131,-1.1920929e-07,0.032345355,0.004141748,0.03775853,1.5497208e-06,0.00069123507,0.12826306,0.0051746964,0.0,0.00015556812,0.15940303,6.198883e-06,1.3589859e-05,4.4345856e-05,0.017190456,0.0032181144,1.1503696e-05,4.3213367e-05,0.16074848,2.9861927e-05,0.0072725415,0.08667821,0.03414005,1.4066696e-05,0.025603116,0.008446872,0.079286575,0.29984897,0.15762842,0.00017440319,0.35447806,0.010222256,0.2657026,0.22841668,0.062944055,2.4080276e-05,2.604723e-05,0.095868826,0.19664717,0.17818177,0.0,1.1563301e-05,0.17917502,0.119101524,0.29343098,0.21510124,0.00088626146,0.16180187,0.07763052,0.08356708,0.39476645,0.0828712,0.089340985,0.011001587,1.0609627e-05,0.002949059,0.009230614,0.06441349,0.02485609,0.13002121,0.0046495795,0.0020774007,0.045621812,0.0821501,0.1447326,0.1073364,0.20017058,0.19968182,0.0036914349,0.15105265,0.007920861,0.30743396,0.13870507,0.21162927,0.12567282,0.18561405,0.0018810034,0.010295391,0.0051738024,0.04031515,2.9981136e-05,0.021376133,0.0012729764,0.077236354,0.21048683,0.15638405,0.06732029,0.009284198,0.07220513,0.1919226,0.115163684,1.2218952e-05,0.07321131,0.16581005,0.090749025,0.11902326,0.09755534,0.32134366,0.14393872,0.0355857,0.11826539,0.07174593,0.10023767,0.21649987,0.08104807,0.0038958192,0.024542153,0.10085678,0.15208513,0.06452596,0.029335022,0.038912535,0.031490445,0.085627496,0.197173,0.10324502,0.06743622,0.16255617,0.06610292,0.028841019,0.03201574,0.04482758,0.06232357,0.2536167,0.05805081,0.031577766,0.020653069,0.1067847
0.11222309,5.6028366e-06,0.033954024,0.18166691,0.13452846,0.21817333,0.08679819,0.17998284,0.27075493,2.5629997e-06,0.15678382,0.008003712,0.19770938,0.15790296,0.007530391,0.11134267,0.09609032,0.12079722,0.10555613,0.3246748,0.3832127,7.5101852e-06,0.0030649304,0.014086008,0.26660067,2.1457672e-06,0.15323985,0.094965816,5.722046e-05,0.028310597,0.29536945,0.108490944,0.23137218,3.2782555e-06,0.04211384,0.13564461,0.233702,0.36238354,0.0022061467,1.1920929e-07,0.047506273,0.020431697,0.23502088,0.09035587,0.00073975325,0.16388059,0.07369995,0.017013907,0.20985216,0.16426486,0.02557069,0.008752406,0.009106636,0.023474097,0.004086137,0.008752406,0.0028680563,2.8192997e-05,1.7285347e-06,0.13703007,0.0020644665,0.0022944808,0.010776103,0.013141155,0.26229984,0.0003463626,0.007963955,0.0001950264,0.1269564,0.0019435883,-1.1920929e-07,0.030085921,0.0040407777,0.03630954,1.5497208e-06,0.0005531907,0.11673319,0.005109191,0.0,0.00015503168,0.13529491,6.020069e-06,1.3589859e-05,4.4345856e-05,0.016124249,0.0031452775,1.1503696e-05,4.249811e-05,0.14768088,2.9802322e-05,0.006965637,0.08339739,0.032507777,1.40070915e-05,0.024342477,0.0067584515,0.076055884,0.25653458,0.13746434,0.00017422438,0.29710007,0.008179247,0.21291167,0.19433075,0.061310947,1.9490719e-05,2.5987625e-05,0.09186602,0.17453241,0.14279824,0.0,1.1503696e-05,0.16030896,0.10902357,0.24803984,0.19293177,0.0008740425,0.14733231,0.07604438,0.08036423,0.33457685,0.07925278,0.08240616,0.010689259,1.0609627e-05,0.0023596287,0.008752406,0.062158585,0.022737086,0.1172812,0.0037266016,0.0020536184,0.043545187,0.07768673,0.12924373,0.10271788,0.17677063,0.16008127,0.0036056638,0.14176077,0.007859945,0.2651102,0.12934238,0.18980366,0.116499364,0.16092378,0.0015112162,0.010101259,0.0051035285,0.035255134,2.9742718e-05,0.0205518,0.001262486,0.069580734,0.18371099,0.1436848,0.057059407,0.0077546835,0.06883645,0.16720068,0.10543913,1.2040138e-05,0.066363156,0.15135795,0.08735138,0.10876137,0.09338689,0.27612454,0.12530065,0.031018436,0.10987824,0.061655283,0.0870837,0.19440651,0.075030565,0.0034015179,0.023944855,0.09576774,0.14386183,0.062788844,0.02869308,0.037729144,0.03089106,0.08307785,0.17392063,0.09929854,0.06605351,0.14968628,0.05694282,0.02802962,0.030194283,0.044226766,0.061374724,0.21692312,0.05716884,0.030449033,0.017933607,0.10228348
0.10415995,5.6028366e-06,0.03283149,0.16105711,0.12232429,0.19594121,0.08437276,0.15658605,0.21754324,2.5629997e-06,0.12953198,0.00781101,0.17389357,0.14224392,0.0073356032,0.100964665,0.08322257,0.10003483,0.0969373,0.26009881,0.2985518,7.0929527e-06,0.0030059814,0.013788223,0.2210908,1.5497208e-06,0.13237292,0.08863741,5.710125e-05,0.026983261,0.24177665,0.097601116,0.20061773,2.4437904e-06,0.0414865,0.10490644,0.20124888,0.27591288,0.0021759868,1.1920929e-07,0.04535228,0.015384078,0.19669014,0.08427304,0.00073200464,0.15078354,0.056569338,0.016576946,0.18277013,0.14461356,0.025089324,0.008274198,0.008389711,0.022776186,0.0040480494,0.008274198,0.002867043,2.8192997e-05,1.7285347e-06,0.12249076,0.001995623,0.002274394,0.00921607,0.013028443,0.22641343,0.00034427643,0.0077224374,0.00019472837,0.11635381,0.0019322634,-1.1920929e-07,0.027826488,0.0039398074,0.03486055,1.5497208e-06,0.00041514635,0.10520333,0.005043626,0.0,0.00015455484,0.11118686,5.7816505e-06,1.3589859e-05,4.4345856e-05,0.015058041,0.003072381,1.1503696e-05,4.184246e-05,0.13461334,2.9742718e-05,0.006658733,0.08011663,0.030875504,1.40070915e-05,0.02308184,0.0050700307,0.07282525,0.21322024,0.11730027,0.00017404556,0.23972201,0.0061362386,0.16012067,0.16024482,0.0596779,1.4901161e-05,2.592802e-05,0.08786315,0.15241772,0.10741478,0.0,1.1503696e-05,0.1414429,0.09894562,0.20264876,0.17076236,0.00086188316,0.1328628,0.07445824,0.07716143,0.2743873,0.07563442,0.07547134,0.01037693,1.0609627e-05,0.0017701983,0.008274198,0.05990374,0.02061814,0.10454118,0.0028036833,0.0020298958,0.04146856,0.07322341,0.11375493,0.09809935,0.15337068,0.120480716,0.0035198927,0.13246894,0.0077990294,0.22278649,0.11997962,0.16797805,0.10732597,0.13623351,0.0011414886,0.009907126,0.0050332546,0.030195177,2.95043e-05,0.019727409,0.0012519956,0.061925173,0.15693516,0.13098562,0.046798527,0.006225109,0.065467834,0.14247876,0.09571451,1.1920929e-05,0.05951506,0.13690585,0.08395374,0.09849942,0.0892185,0.23090535,0.10666263,0.02645111,0.10149115,0.051564634,0.07392979,0.17231315,0.06901306,0.0029072165,0.023347557,0.09067869,0.13563848,0.061051726,0.028051138,0.036545753,0.030291736,0.08052826,0.1506682,0.09535205,0.06467086,0.13681638,0.04778272,0.027218223,0.028372824,0.04362595,0.060425878,0.1802296,0.05628693,0.0293203,0.015214086,0.097782314
0.09609687,5.6028366e-06,0.031709015,0.14044732,0.11012018,0.17370915,0.081947386,0.13318926,0.1643315,2.5629997e-06,0.1022802,0.0076183677,0.1500777,0.12658495,0.0071407557,0.09058666,0.07035476,0.07927251,0.08831853,0.1955229,0.21389091,6.735325e-06,0.002947092,0.013490379,0.17558092,1.013279e-06,0.111505985,0.08230907,5.698204e-05,0.025655866,0.18818384,0.08671129,0.16986334,1.66893e-06,0.040859163,0.074168265,0.1687957,0.18944228,0.0021457672,1.1920929e-07,0.043198347,0.010336399,0.15835941,0.07819021,0.00072419643,0.13768655,0.039438784,0.016139925,0.1556881,0.12496227,0.024607956,0.00779593,0.007672727,0.022078276,0.004009962,0.00779593,0.0028660297,2.8133392e-05,1.7285347e-06,0.10795152,0.0019268394,0.0022543073,0.007655978,0.0129157305,0.19052702,0.00034224987,0.0074808598,0.00019443035,0.10575122,0.0019209385,-1.1920929e-07,0.025567114,0.0038388371,0.033411562,1.5497208e-06,0.0002771616,0.09367341,0.0049780607,0.0,0.000154078,0.08707881,5.6028366e-06,1.3589859e-05,4.4345856e-05,0.013991892,0.0029995441,1.1503696e-05,4.1127205e-05,0.12154573,2.9683113e-05,0.0063518286,0.07683581,0.02924323,1.40070915e-05,0.021821141,0.00338161,0.06959456,0.1699059,0.0971362,0.00017392635,0.18234396,0.00409323,0.107329726,0.1261589,0.05804485,1.0311604e-05,2.5868416e-05,0.08386034,0.13030297,0.07203132,0.0,1.1503696e-05,0.12257689,0.088867664,0.15725768,0.14859289,0.0008497238,0.1183933,0.07287204,0.073958576,0.2141977,0.072016,0.06853652,0.010064602,1.0609627e-05,0.001180768,0.00779593,0.057648838,0.018499196,0.091801226,0.001880765,0.0020061731,0.039391935,0.06876004,0.098266065,0.093480885,0.12997073,0.080880165,0.0034341216,0.12317705,0.007738054,0.18046278,0.11061692,0.14615244,0.09815252,0.11154324,0.00077170134,0.009712994,0.0049629807,0.02513516,2.9206276e-05,0.018903077,0.0012414455,0.054269552,0.13015926,0.11828643,0.036537647,0.0046955943,0.06209922,0.117756784,0.08598995,1.1742115e-05,0.052666903,0.12245375,0.080556154,0.088237524,0.085050106,0.18568623,0.088024616,0.021883845,0.093104005,0.041473925,0.060775816,0.1502198,0.06299555,0.0024129748,0.022750199,0.08558965,0.12741518,0.05931461,0.027409196,0.035362303,0.029692352,0.07797861,0.12741578,0.09140551,0.06328815,0.12394649,0.038622618,0.026406765,0.026551425,0.043025196,0.05947709,0.14353603,0.05540496,0.028191626,0.012494564,0.09328109
0.088033795,5.6028366e-06,0.030586481,0.11983758,0.09791601,0.1514771,0.07952201,0.10979247,0.11111975,2.5629997e-06,0.07502836,0.007425666,0.12626189,0.11092597,0.006945908,0.08020866,0.05748701,0.058510184,0.079699695,0.130947,0.12923002,6.377697e-06,0.002888143,0.013192534,0.13007104,4.7683716e-07,0.090639055,0.07598066,5.686283e-05,0.02432853,0.13459098,0.07582152,0.13910896,8.34465e-07,0.040231824,0.04343009,0.13634259,0.10297167,0.0021155477,1.1920929e-07,0.041044354,0.0052887797,0.120028615,0.072107375,0.00071644783,0.12458956,0.02230817,0.015702963,0.12860608,0.10531098,0.02412659,0.007317722,0.0069558024,0.021380365,0.0039718747,0.007317722,0.002865076,2.8133392e-05,1.7285347e-06,0.09341222,0.001857996,0.00223428,0.006095946,0.0128029585,0.15464061,0.0003402233,0.0072393417,0.00019413233,0.09514868,0.0019096136,-1.1920929e-07,0.023307681,0.0037378669,0.031962514,1.5497208e-06,0.00013911724,0.082143545,0.004912555,0.0,0.00015360117,0.06297076,5.4240227e-06,1.3589859e-05,4.4345856e-05,0.012925684,0.0029266477,1.1444092e-05,4.041195e-05,0.10847813,2.9623508e-05,0.0060449243,0.07355499,0.027610898,1.3947487e-05,0.020560503,0.0016932487,0.06636387,0.1265915,0.07697213,0.00017374754,0.124965906,0.002050221,0.054538727,0.09207296,0.056411743,5.722046e-06,2.5868416e-05,0.07985747,0.10818827,0.036647856,0.0,1.1503696e-05,0.10371083,0.07878971,0.11186659,0.12642348,0.00083756447,0.1039238,0.0712859,0.07075572,0.15400815,0.06839764,0.0616017,0.009752274,1.0609627e-05,0.0005913973,0.007317722,0.055393994,0.01638025,0.07906121,0.00095778704,0.0019823909,0.03731531,0.06429666,0.0827772,0.08886236,0.10657072,0.041279674,0.0033483505,0.113885224,0.007677138,0.13813907,0.101254225,0.124326825,0.088979065,0.08685297,0.00040191412,0.009518921,0.004892707,0.020075142,2.8967857e-05,0.018078744,0.0012309551,0.04661393,0.10338342,0.105587184,0.026276708,0.00316602,0.058730602,0.09303486,0.076265335,1.1563301e-05,0.045818746,0.10800165,0.07715851,0.07797557,0.080881655,0.14046705,0.06938654,0.01731658,0.08471686,0.031383276,0.047621906,0.12812644,0.056978047,0.0019186735,0.0221529,0.0805006,0.119191825,0.05757749,0.026767254,0.034178913,0.029092968,0.07542902,0.10416335,0.08745903,0.061905503,0.11107659,0.029462516,0.025595367,0.024729967,0.04242438,0.058528244,0.10684252,0.05452305,0.027062893,0.0097750425,0.08877987
0.07997072,5.6028366e-06,0.029463947,0.099227786,0.0857119,0.12924504,0.07709664,0.08639568,0.05790806,2.5629997e-06,0.04777658,0.0072330236,0.10244608,0.09526694,0.0067510605,0.069830656,0.044619203,0.03774786,0.07108092,0.06637108,0.044569135,6.020069e-06,0.0028292537,0.01289475,0.08456117,-1.1920929e-07,0.069772124,0.06965226,5.6743622e-05,0.023001134,0.08099818,0.06493169,0.10835451,0.0,0.039604485,0.012691915,0.103889465,0.01650107,0.0020853877,1.1920929e-07,0.03889042,0.0002411604,0.08169788,0.06602454,0.0007086396,0.111492574,0.005177617,0.015265942,0.101524055,0.08565968,0.023645282,0.006839514,0.006238818,0.020682454,0.0039337873,0.006839514,0.0028640628,2.8073788e-05,1.7285347e-06,0.07887298,0.0017892122,0.0022141933,0.0045359135,0.012690246,0.11875415,0.00033819675,0.0069978237,0.0001938343,0.08454609,0.0018982887,-1.1920929e-07,0.021048248,0.0036368966,0.030513525,1.5497208e-06,1.0728836e-06,0.07061362,0.00484699,0.0,0.00015306473,0.038862705,5.185604e-06,1.3589859e-05,4.4345856e-05,0.011859536,0.0028538108,1.1444092e-05,3.9696693e-05,0.095410526,2.9623508e-05,0.00573802,0.070274174,0.025978625,1.3947487e-05,0.019299805,4.827976e-06,0.06313318,0.083277166,0.056808054,0.00017362833,0.06758785,7.212162e-06,0.001747787,0.057987034,0.054778695,1.1920929e-06,2.5808811e-05,0.07585466,0.08607352,0.0012643933,0.0,1.1503696e-05,0.08484477,0.06871176,0.06647551,0.10425401,0.0008253455,0.08945429,0.069699705,0.067552924,0.093818545,0.06477922,0.054666936,0.009439945,1.0609627e-05,1.9669533e-06,0.006839514,0.05313909,0.014261305,0.066321194,3.4868717e-05,0.0019586682,0.035238683,0.05983329,0.0672884,0.084243834,0.08317077,0.0016791224,0.003262639,0.10459334,0.007616222,0.09581536,0.09189153,0.10250121,0.07980561,0.062162697,3.2126904e-05,0.009324789,0.0048224926,0.015015125,2.8729439e-05,0.017254353,0.0012204647,0.03895837,0.076607525,0.092888,0.016015828,0.0016365051,0.055361986,0.06831288,0.06654078,1.1384487e-05,0.03897065,0.09354955,0.07376087,0.06771362,0.076713264,0.095247924,0.050748527,0.012749314,0.07632971,0.021292627,0.034467936,0.10603309,0.0509606,0.0014243722,0.021555603,0.07541156,0.11096853,0.055840373,0.026125312,0.032995462,0.028493583,0.072879374,0.08091092,0.083512545,0.060522854,0.09820676,0.020302474,0.024783969,0.022908509,0.041823566,0.057579458,0.070149004,0.05364108,0.02593416,0.007055521,0.08427864
